2006-01-01,
2006-01-02,
2006-01-03,
2006-01-04,
2006-01-05,
2006-01-06,
2006-01-07,
2006-01-08,
2006-01-09,
2006-01-10,
2006-01-11,
2006-01-12,
2006-01-13,
2006-01-14,
2006-01-15,
2006-01-16,966.666666667
2006-01-17,966.666666667
2006-01-18,966.666666667
2006-01-19,966.666666667
2006-01-20,963.333333333
2006-01-21,959.135802469
2006-01-22,953.333333333
2006-01-23,946.666666667
2006-01-24,940.0
2006-01-25,926.666666667
2006-01-26,913.333333333
2006-01-27,900.0
2006-01-28,886.666666667
2006-01-29,873.333333333
2006-01-30,860.0
2006-01-31,846.666666667
2006-02-01,833.333333333
2006-02-02,820.0
2006-02-03,806.666666667
2006-02-04,793.333333333
2006-02-05,780.0
2006-02-06,766.666666667
2006-02-07,753.333333333
2006-02-08,740.0
2006-02-09,730.0
2006-02-10,720.0
2006-02-11,710.0
2006-02-12,700.0
2006-02-13,690.0
2006-02-14,680.0
2006-02-15,670.0
2006-02-16,663.333333333
2006-02-17,653.333333333
2006-02-18,643.333333333
2006-02-19,633.333333333
2006-02-20,624.197530864
2006-02-21,616.666666667
2006-02-22,610.0
2006-02-23,600.0
2006-02-24,596.666666667
2006-02-25,593.333333333
2006-02-26,590.0
2006-02-27,586.666666667
2006-02-28,583.333333333
2006-03-01,580.0
2006-03-02,576.666666667
2006-03-03,573.333333333
2006-03-04,570.0
2006-03-05,566.666666667
2006-03-06,563.333333333
2006-03-07,560.0
2006-03-08,556.666666667
2006-03-09,553.333333333
2006-03-10,550.0
2006-03-11,546.666666667
2006-03-12,543.333333333
2006-03-13,540.0
2006-03-14,536.666666667
2006-03-15,533.333333333
2006-03-16,530.0
2006-03-17,526.666666667
2006-03-18,520.864197531
2006-03-19,520.0
2006-03-20,520.0
2006-03-21,520.0
2006-03-22,516.666666667
2006-03-23,515.0
2006-03-24,515.0
2006-03-25,518.333333333
2006-03-26,521.666666667
2006-03-27,525.0
2006-03-28,528.333333333
2006-03-29,531.666666667
2006-03-30,531.666666667
2006-03-31,531.666666667
2006-04-01,531.666666667
2006-04-02,531.666666667
2006-04-03,531.666666667
2006-04-04,531.666666667
2006-04-05,535.0
2006-04-06,541.666666667
2006-04-07,548.333333333
2006-04-08,555.0
2006-04-09,561.666666667
2006-04-10,568.333333333
2006-04-11,575.0
2006-04-12,581.666666667
2006-04-13,581.666666667
2006-04-14,581.666666667
2006-04-15,582.530864198
2006-04-16,585.0
2006-04-17,587.469135802
2006-04-18,588.333333333
2006-04-19,588.333333333
2006-04-20,581.666666667
2006-04-21,578.333333333
2006-04-22,575.061728395
2006-04-23,573.333333333
2006-04-24,573.333333333
2006-04-25,573.333333333
2006-04-26,573.333333333
2006-04-27,570.0
2006-04-28,566.666666667
2006-04-29,566.666666667
2006-04-30,566.666666667
2006-05-01,566.666666667
2006-05-02,566.666666667
2006-05-03,566.666666667
2006-05-04,566.666666667
2006-05-05,566.666666667
2006-05-06,563.333333333
2006-05-07,560.0
2006-05-08,556.666666667
2006-05-09,553.333333333
2006-05-10,550.0
2006-05-11,546.666666667
2006-05-12,543.333333333
2006-05-13,546.666666667
2006-05-14,550.0
2006-05-15,552.469135802
2006-05-16,546.666666667
2006-05-17,540.0
2006-05-18,533.333333333
2006-05-19,526.666666667
2006-05-20,526.666666667
2006-05-21,526.666666667
2006-05-22,524.938271605
2006-05-23,520.0
2006-05-24,513.333333333
2006-05-25,506.666666667
2006-05-26,500.0
2006-05-27,496.666666667
2006-05-28,493.333333333
2006-05-29,490.0
2006-05-30,486.666666667
2006-05-31,483.333333333
2006-06-01,486.666666667
2006-06-02,490.0
2006-06-03,493.333333333
2006-06-04,493.333333333
2006-06-05,493.333333333
2006-06-06,490.0
2006-06-07,490.0
2006-06-08,493.333333333
2006-06-09,496.666666667
2006-06-10,500.0
2006-06-11,503.333333333
2006-06-12,506.666666667
2006-06-13,510.0
2006-06-14,513.333333333
2006-06-15,523.333333333
2006-06-16,533.333333333
2006-06-17,544.197530864
2006-06-18,556.666666667
2006-06-19,570.0
2006-06-20,583.333333333
2006-06-21,596.666666667
2006-06-22,610.0
2006-06-23,623.333333333
2006-06-24,636.666666667
2006-06-25,650.0
2006-06-26,663.333333333
2006-06-27,676.666666667
2006-06-28,690.0
2006-06-29,700.0
2006-06-30,710.0
2006-07-01,713.333333333
2006-07-02,716.666666667
2006-07-03,720.0
2006-07-04,723.333333333
2006-07-05,726.666666667
2006-07-06,733.333333333
2006-07-07,736.666666667
2006-07-08,736.666666667
2006-07-09,736.666666667
2006-07-10,736.666666667
2006-07-11,736.666666667
2006-07-12,736.666666667
2006-07-13,736.666666667
2006-07-14,736.666666667
2006-07-15,736.666666667
2006-07-16,736.666666667
2006-07-17,735.802469136
2006-07-18,733.333333333
2006-07-19,730.0
2006-07-20,726.666666667
2006-07-21,723.333333333
2006-07-22,720.0
2006-07-23,716.666666667
2006-07-24,713.333333333
2006-07-25,710.0
2006-07-26,706.666666667
2006-07-27,703.333333333
2006-07-28,700.0
2006-07-29,700.0
2006-07-30,700.0
2006-07-31,700.0
2006-08-01,701.728395062
2006-08-02,706.666666667
2006-08-03,713.333333333
2006-08-04,720.0
2006-08-05,725.802469136
2006-08-06,730.0
2006-08-07,733.333333333
2006-08-08,736.666666667
2006-08-09,740.0
2006-08-10,743.333333333
2006-08-11,746.666666667
2006-08-12,750.864197531
2006-08-13,756.666666667
2006-08-14,763.333333333
2006-08-15,770.0
2006-08-16,776.666666667
2006-08-17,783.333333333
2006-08-18,790.0
2006-08-19,796.666666667
2006-08-20,803.333333333
2006-08-21,810.0
2006-08-22,816.666666667
2006-08-23,826.666666667
2006-08-24,836.666666667
2006-08-25,850.0
2006-08-26,861.604938272
2006-08-27,870.0
2006-08-28,876.666666667
2006-08-29,883.333333333
2006-08-30,890.0
2006-08-31,894.938271605
2006-09-01,890.0
2006-09-02,883.333333333
2006-09-03,876.666666667
2006-09-04,870.864197531
2006-09-05,866.666666667
2006-09-06,866.666666667
2006-09-07,866.666666667
2006-09-08,866.666666667
2006-09-09,866.666666667
2006-09-10,866.666666667
2006-09-11,865.802469136
2006-09-12,866.666666667
2006-09-13,866.666666667
2006-09-14,866.666666667
2006-09-15,866.666666667
2006-09-16,866.666666667
2006-09-17,866.666666667
2006-09-18,866.666666667
2006-09-19,866.666666667
2006-09-20,866.666666667
2006-09-21,866.666666667
2006-09-22,863.333333333
2006-09-23,860.0
2006-09-24,853.333333333
2006-09-25,848.395061728
2006-09-26,846.666666667
2006-09-27,846.666666667
2006-09-28,846.666666667
2006-09-29,846.666666667
2006-09-30,846.666666667
2006-10-01,853.333333333
2006-10-02,860.0
2006-10-03,866.666666667
2006-10-04,873.333333333
2006-10-05,880.0
2006-10-06,883.333333333
2006-10-07,886.666666667
2006-10-08,890.0
2006-10-09,893.333333333
2006-10-10,896.666666667
2006-10-11,900.0
2006-10-12,900.0
2006-10-13,900.0
2006-10-14,900.0
2006-10-15,900.0
2006-10-16,900.0
2006-10-17,900.0
2006-10-18,900.0
2006-10-19,906.666666667
2006-10-20,913.333333333
2006-10-21,920.0
2006-10-22,926.666666667
2006-10-23,933.333333333
2006-10-24,940.0
2006-10-25,946.666666667
2006-10-26,953.333333333
2006-10-27,960.0
2006-10-28,966.666666667
2006-10-29,973.333333333
2006-10-30,980.0
2006-10-31,986.666666667
2006-11-01,996.666666667
2006-11-02,1006.66666667
2006-11-03,1016.66666667
2006-11-04,1026.66666667
2006-11-05,1036.66666667
2006-11-06,1046.66666667
2006-11-07,1056.66666667
2006-11-08,1070.0
2006-11-09,1083.33333333
2006-11-10,1096.66666667
2006-11-11,1110.0
2006-11-12,1123.33333333
2006-11-13,1136.66666667
2006-11-14,1150.0
2006-11-15,1163.33333333
2006-11-16,1170.0
2006-11-17,1176.66666667
2006-11-18,1176.66666667
2006-11-19,1176.66666667
2006-11-20,1176.66666667
2006-11-21,1176.66666667
2006-11-22,1176.66666667
2006-11-23,1176.66666667
2006-11-24,1176.66666667
2006-11-25,1176.66666667
2006-11-26,1176.66666667
2006-11-27,1176.66666667
2006-11-28,1183.33333333
2006-11-29,1190.0
2006-11-30,1196.66666667
2006-12-01,1200.0
2006-12-02,1203.33333333
2006-12-03,1206.66666667
2006-12-04,1210.0
2006-12-05,1206.66666667
2006-12-06,1203.33333333
2006-12-07,1200.0
2006-12-08,1193.33333333
2006-12-09,1186.66666667
2006-12-10,1180.0
2006-12-11,1173.33333333
2006-12-12,1166.66666667
2006-12-13,1160.0
2006-12-14,1153.33333333
2006-12-15,1146.66666667
2006-12-16,1146.66666667
2006-12-17,1146.66666667
2006-12-18,1146.66666667
2006-12-19,1146.66666667
2006-12-20,1153.33333333
2006-12-21,1156.66666667
2006-12-22,1160.0
2006-12-23,1163.33333333
2006-12-24,1166.66666667
2006-12-25,1170.0
2006-12-26,1173.33333333
2006-12-27,1176.66666667
2006-12-28,1173.33333333
2006-12-29,1170.0
2006-12-30,1167.78203491
2006-12-31,1168.16091954
2007-01-01,1171.49425287
2007-01-02,1178.16091954
2007-01-03,1184.82758621
2007-01-04,1198.16091954
2007-01-05,1211.49425287
2007-01-06,1224.82758621
2007-01-07,1238.16091954
2007-01-08,1251.49425287
2007-01-09,1264.82758621
2007-01-10,1278.16091954
2007-01-11,1291.49425287
2007-01-12,1304.82758621
2007-01-13,1318.16091954
2007-01-14,1331.49425287
2007-01-15,1344.82758621
2007-01-16,1358.16091954
2007-01-17,1371.49425287
2007-01-18,1384.82758621
2007-01-19,1391.49425287
2007-01-20,1401.49425287
2007-01-21,1411.49425287
2007-01-22,1421.49425287
2007-01-23,1431.49425287
2007-01-24,1441.49425287
2007-01-25,1451.49425287
2007-01-26,1461.49425287
2007-01-27,1471.49425287
2007-01-28,1481.49425287
2007-01-29,1490.37888463
2007-01-30,1496.66666667
2007-01-31,1500.0
2007-02-01,1500.0
2007-02-02,1500.52083333
2007-02-03,1502.1875
2007-02-04,1505.0
2007-02-05,1508.33333333
2007-02-06,1511.66666667
2007-02-07,1515.0
2007-02-08,1515.0
2007-02-09,1515.0
2007-02-10,1515.0
2007-02-11,1515.0
2007-02-12,1515.0
2007-02-13,1515.0
2007-02-14,1515.0
2007-02-15,1505.0
2007-02-16,1495.0
2007-02-17,1482.40740741
2007-02-18,1465.0
2007-02-19,1445.0
2007-02-20,1425.0
2007-02-21,1405.0
2007-02-22,1385.0
2007-02-23,1365.0
2007-02-24,1345.0
2007-02-25,1325.0
2007-02-26,1305.0
2007-02-27,1285.0
2007-02-28,1265.0
2007-03-01,1248.33333333
2007-03-02,1228.33333333
2007-03-03,1208.33333333
2007-03-04,1187.8125
2007-03-05,1166.14583333
2007-03-06,1143.33333333
2007-03-07,1120.0
2007-03-08,1096.66666667
2007-03-09,1073.33333333
2007-03-10,1053.33333333
2007-03-11,1033.33333333
2007-03-12,1013.33333333
2007-03-13,993.333333333
2007-03-14,973.333333333
2007-03-15,953.333333333
2007-03-16,933.333333333
2007-03-17,923.333333333
2007-03-18,913.333333333
2007-03-19,905.925925926
2007-03-20,903.333333333
2007-03-21,903.333333333
2007-03-22,903.333333333
2007-03-23,903.333333333
2007-03-24,903.333333333
2007-03-25,903.333333333
2007-03-26,903.333333333
2007-03-27,903.333333333
2007-03-28,903.333333333
2007-03-29,903.333333333
2007-03-30,903.333333333
2007-03-31,900.0
2007-04-01,900.0
2007-04-02,900.0
2007-04-03,900.0
2007-04-04,900.0
2007-04-05,900.0
2007-04-06,900.0
2007-04-07,900.864197531
2007-04-08,903.333333333
2007-04-09,906.666666667
2007-04-10,910.0
2007-04-11,913.333333333
2007-04-12,916.666666667
2007-04-13,920.0
2007-04-14,923.333333333
2007-04-15,926.666666667
2007-04-16,930.0
2007-04-17,933.333333333
2007-04-18,936.666666667
2007-04-19,940.0
2007-04-20,943.333333333
2007-04-21,946.666666667
2007-04-22,950.0
2007-04-23,953.333333333
2007-04-24,956.666666667
2007-04-25,960.0
2007-04-26,963.333333333
2007-04-27,966.666666667
2007-04-28,970.0
2007-04-29,973.333333333
2007-04-30,976.666666667
2007-05-01,980.0
2007-05-02,983.333333333
2007-05-03,986.666666667
2007-05-04,990.0
2007-05-05,993.333333333
2007-05-06,996.666666667
2007-05-07,999.135802469
2007-05-08,1000.0
2007-05-09,1000.0
2007-05-10,1000.0
2007-05-11,1000.0
2007-05-12,1000.0
2007-05-13,1000.0
2007-05-14,1000.0
2007-05-15,1000.0
2007-05-16,1000.0
2007-05-17,996.666666667
2007-05-18,993.333333333
2007-05-19,990.0
2007-05-20,986.666666667
2007-05-21,983.333333333
2007-05-22,980.0
2007-05-23,983.333333333
2007-05-24,986.666666667
2007-05-25,990.0
2007-05-26,993.333333333
2007-05-27,996.666666667
2007-05-28,1000.0
2007-05-29,1003.33333333
2007-05-30,1006.66666667
2007-05-31,1010.0
2007-06-01,1013.33333333
2007-06-02,1016.66666667
2007-06-03,1020.0
2007-06-04,1023.33333333
2007-06-05,1030.0
2007-06-06,1036.66666667
2007-06-07,1043.33333333
2007-06-08,1050.0
2007-06-09,1057.5308642
2007-06-10,1066.66666667
2007-06-11,1076.66666667
2007-06-12,1086.66666667
2007-06-13,1096.66666667
2007-06-14,1106.66666667
2007-06-15,1116.66666667
2007-06-16,1130.0
2007-06-17,1143.33333333
2007-06-18,1156.66666667
2007-06-19,1170.0
2007-06-20,1186.66666667
2007-06-21,1203.33333333
2007-06-22,1213.33333333
2007-06-23,1223.33333333
2007-06-24,1233.33333333
2007-06-25,1243.33333333
2007-06-26,1253.33333333
2007-06-27,1263.33333333
2007-06-28,1273.33333333
2007-06-29,1283.33333333
2007-06-30,1293.33333333
2007-07-01,1303.33333333
2007-07-02,1313.33333333
2007-07-03,1323.33333333
2007-07-04,1333.33333333
2007-07-05,1340.0
2007-07-06,1346.66666667
2007-07-07,1353.33333333
2007-07-08,1360.0
2007-07-09,1365.80246914
2007-07-10,1370.0
2007-07-11,1373.33333333
2007-07-12,1376.66666667
2007-07-13,1380.0
2007-07-14,1382.4691358
2007-07-15,1383.33333333
2007-07-16,1383.33333333
2007-07-17,1383.33333333
2007-07-18,1383.33333333
2007-07-19,1383.33333333
2007-07-20,1380.0
2007-07-21,1376.66666667
2007-07-22,1373.33333333
2007-07-23,1370.0
2007-07-24,1366.66666667
2007-07-25,1363.33333333
2007-07-26,1360.0
2007-07-27,1356.66666667
2007-07-28,1353.33333333
2007-07-29,1350.0
2007-07-30,1346.66666667
2007-07-31,1343.33333333
2007-08-01,1340.0
2007-08-02,1336.66666667
2007-08-03,1336.66666667
2007-08-04,1336.66666667
2007-08-05,1336.66666667
2007-08-06,1336.66666667
2007-08-07,1340.0
2007-08-08,1350.0
2007-08-09,1373.33333333
2007-08-10,1396.66666667
2007-08-11,1420.0
2007-08-12,1443.33333333
2007-08-13,1467.5308642
2007-08-14,1486.66666667
2007-08-15,1506.66666667
2007-08-16,1526.66666667
2007-08-17,1546.66666667
2007-08-18,1566.66666667
2007-08-19,1586.66666667
2007-08-20,1606.66666667
2007-08-21,1626.66666667
2007-08-22,1646.66666667
2007-08-23,1666.66666667
2007-08-24,1686.66666667
2007-08-25,1706.66666667
2007-08-26,1726.66666667
2007-08-27,1746.66666667
2007-08-28,1766.66666667
2007-08-29,1786.66666667
2007-08-30,1806.66666667
2007-08-31,1826.66666667
2007-09-01,1846.66666667
2007-09-02,1863.33333333
2007-09-03,1880.0
2007-09-04,1896.66666667
2007-09-05,1913.33333333
2007-09-06,1926.66666667
2007-09-07,1933.33333333
2007-09-08,1926.66666667
2007-09-09,1920.0
2007-09-10,1913.33333333
2007-09-11,1913.33333333
2007-09-12,1913.33333333
2007-09-13,1920.0
2007-09-14,1926.66666667
2007-09-15,1933.33333333
2007-09-16,1940.0
2007-09-17,1946.66666667
2007-09-18,1953.33333333
2007-09-19,1960.0
2007-09-20,1966.66666667
2007-09-21,1973.33333333
2007-09-22,1980.0
2007-09-23,1986.66666667
2007-09-24,1993.33333333
2007-09-25,2000.0
2007-09-26,2006.66666667
2007-09-27,2013.33333333
2007-09-28,2020.0
2007-09-29,2024.9382716
2007-09-30,2026.66666667
2007-10-01,2026.66666667
2007-10-02,2026.66666667
2007-10-03,2026.66666667
2007-10-04,2026.66666667
2007-10-05,2026.66666667
2007-10-06,2026.66666667
2007-10-07,2026.66666667
2007-10-08,2026.66666667
2007-10-09,2026.66666667
2007-10-10,2026.66666667
2007-10-11,2020.0
2007-10-12,2013.33333333
2007-10-13,2006.66666667
2007-10-14,2000.0
2007-10-15,1993.33333333
2007-10-16,1986.66666667
2007-10-17,1980.0
2007-10-18,1973.33333333
2007-10-19,1966.66666667
2007-10-20,1960.0
2007-10-21,1953.33333333
2007-10-22,1946.66666667
2007-10-23,1940.0
2007-10-24,1933.33333333
2007-10-25,1926.66666667
2007-10-26,1920.0
2007-10-27,1913.33333333
2007-10-28,1906.66666667
2007-10-29,1901.72839506
2007-10-30,1900.0
2007-10-31,1900.0
2007-11-01,1900.0
2007-11-02,1900.0
2007-11-03,1900.0
2007-11-04,1900.0
2007-11-05,1900.0
2007-11-06,1896.66666667
2007-11-07,1893.33333333
2007-11-08,1890.0
2007-11-09,1886.66666667
2007-11-10,1880.74074074
2007-11-11,1870.0
2007-11-12,1856.66666667
2007-11-13,1843.33333333
2007-11-14,1830.0
2007-11-15,1816.66666667
2007-11-16,1803.33333333
2007-11-17,1787.40740741
2007-11-18,1766.66666667
2007-11-19,1743.33333333
2007-11-20,1720.0
2007-11-21,1696.66666667
2007-11-22,1670.0
2007-11-23,1643.33333333
2007-11-24,1616.66666667
2007-11-25,1590.0
2007-11-26,1563.33333333
2007-11-27,1536.66666667
2007-11-28,1510.0
2007-11-29,1483.33333333
2007-11-30,1456.66666667
2007-12-01,1430.0
2007-12-02,1403.33333333
2007-12-03,1376.66666667
2007-12-04,1350.0
2007-12-05,1316.66666667
2007-12-06,1286.66666667
2007-12-07,1256.66666667
2007-12-08,1226.66666667
2007-12-09,1196.66666667
2007-12-10,1169.25925926
2007-12-11,1146.66666667
2007-12-12,1126.66666667
2007-12-13,1106.66666667
2007-12-14,1086.66666667
2007-12-15,1066.66666667
2007-12-16,1046.66666667
2007-12-17,1029.25925926
2007-12-18,1013.33333333
2007-12-19,1000.0
2007-12-20,986.666666667
2007-12-21,976.666666667
2007-12-22,970.0
2007-12-23,963.333333333
2007-12-24,956.666666667
2007-12-25,950.0
2007-12-26,940.0
2007-12-27,930.0
2007-12-28,920.0
2007-12-29,910.0
2007-12-30,900.0
2007-12-31,890.0
2008-01-01,880.0
2008-01-02,870.0
2008-01-03,860.0
2008-01-04,856.666666667
2008-01-05,853.333333333
2008-01-06,850.0
2008-01-07,846.666666667
2008-01-08,843.333333333
2008-01-09,840.0
2008-01-10,836.666666667
2008-01-11,833.333333333
2008-01-12,830.0
2008-01-13,826.666666667
2008-01-14,823.333333333
2008-01-15,820.0
2008-01-16,816.666666667
2008-01-17,816.666666667
2008-01-18,816.666666667
2008-01-19,816.666666667
2008-01-20,813.333333333
2008-01-21,810.0
2008-01-22,806.666666667
2008-01-23,803.333333333
2008-01-24,800.0
2008-01-25,800.0
2008-01-26,800.0
2008-01-27,800.0
2008-01-28,800.0
2008-01-29,800.0
2008-01-30,800.0
2008-01-31,800.0
2008-02-01,800.0
2008-02-02,800.0
2008-02-03,800.0
2008-02-04,800.0
2008-02-05,796.666666667
2008-02-06,793.333333333
2008-02-07,790.0
2008-02-08,786.666666667
2008-02-09,783.333333333
2008-02-10,780.0
2008-02-11,776.666666667
2008-02-12,773.333333333
2008-02-13,770.0
2008-02-14,766.666666667
2008-02-15,763.333333333
2008-02-16,760.0
2008-02-17,756.666666667
2008-02-18,753.333333333
2008-02-19,750.0
2008-02-20,746.666666667
2008-02-21,743.333333333
2008-02-22,740.0
2008-02-23,736.666666667
2008-02-24,733.333333333
2008-02-25,730.0
2008-02-26,726.666666667
2008-02-27,723.333333333
2008-02-28,720.0
2008-02-29,716.666666667
2008-03-01,713.333333333
2008-03-02,710.0
2008-03-03,706.666666667
2008-03-04,703.333333333
2008-03-05,700.0
2008-03-06,700.0
2008-03-07,700.0
2008-03-08,700.0
2008-03-09,700.0
2008-03-10,700.0
2008-03-11,703.333333333
2008-03-12,706.666666667
2008-03-13,706.666666667
2008-03-14,706.666666667
2008-03-15,706.666666667
2008-03-16,706.666666667
2008-03-17,706.666666667
2008-03-18,706.666666667
2008-03-19,706.666666667
2008-03-20,706.666666667
2008-03-21,706.666666667
2008-03-22,706.666666667
2008-03-23,706.666666667
2008-03-24,706.666666667
2008-03-25,706.666666667
2008-03-26,706.666666667
2008-03-27,706.666666667
2008-03-28,706.666666667
2008-03-29,706.666666667
2008-03-30,706.666666667
2008-03-31,706.666666667
2008-04-01,706.666666667
2008-04-02,706.666666667
2008-04-03,706.666666667
2008-04-04,706.666666667
2008-04-05,706.666666667
2008-04-06,706.666666667
2008-04-07,706.666666667
2008-04-08,710.0
2008-04-09,710.0
2008-04-10,706.666666667
2008-04-11,703.333333333
2008-04-12,703.333333333
2008-04-13,703.333333333
2008-04-14,703.333333333
2008-04-15,703.333333333
2008-04-16,703.333333333
2008-04-17,703.333333333
2008-04-18,703.333333333
2008-04-19,703.333333333
2008-04-20,703.333333333
2008-04-21,703.333333333
2008-04-22,703.333333333
2008-04-23,703.333333333
2008-04-24,703.333333333
2008-04-25,703.333333333
2008-04-26,703.333333333
2008-04-27,703.333333333
2008-04-28,703.333333333
2008-04-29,703.333333333
2008-04-30,703.333333333
2008-05-01,703.333333333
2008-05-02,703.333333333
2008-05-03,703.333333333
2008-05-04,703.333333333
2008-05-05,703.333333333
2008-05-06,703.333333333
2008-05-07,703.333333333
2008-05-08,700.0
2008-05-09,700.0
2008-05-10,700.0
2008-05-11,700.0
2008-05-12,700.0
2008-05-13,700.0
2008-05-14,700.0
2008-05-15,700.0
2008-05-16,700.0
2008-05-17,700.0
2008-05-18,700.0
2008-05-19,700.0
2008-05-20,700.0
2008-05-21,700.0
2008-05-22,700.0
2008-05-23,700.0
2008-05-24,700.0
2008-05-25,700.0
2008-05-26,700.0
2008-05-27,700.0
2008-05-28,700.0
2008-05-29,700.0
2008-05-30,700.0
2008-05-31,700.0
2008-06-01,700.0
2008-06-02,700.0
2008-06-03,700.0
2008-06-04,703.333333333
2008-06-05,706.666666667
2008-06-06,710.0
2008-06-07,712.469135802
2008-06-08,713.333333333
2008-06-09,713.333333333
2008-06-10,713.333333333
2008-06-11,720.0
2008-06-12,726.666666667
2008-06-13,733.333333333
2008-06-14,740.0
2008-06-15,746.666666667
2008-06-16,753.333333333
2008-06-17,760.0
2008-06-18,763.333333333
2008-06-19,766.666666667
2008-06-20,773.333333333
2008-06-21,780.0
2008-06-22,786.666666667
2008-06-23,793.333333333
2008-06-24,800.0
2008-06-25,806.666666667
2008-06-26,813.333333333
2008-06-27,820.0
2008-06-28,826.666666667
2008-06-29,833.333333333
2008-06-30,840.0
2008-07-01,846.666666667
2008-07-02,853.333333333
2008-07-03,866.666666667
2008-07-04,876.666666667
2008-07-05,886.666666667
2008-07-06,896.666666667
2008-07-07,907.530864198
2008-07-08,920.0
2008-07-09,933.333333333
2008-07-10,946.666666667
2008-07-11,953.333333333
2008-07-12,960.0
2008-07-13,966.666666667
2008-07-14,973.333333333
2008-07-15,980.0
2008-07-16,986.666666667
2008-07-17,1000.0
2008-07-18,1016.66666667
2008-07-19,1033.33333333
2008-07-20,1046.66666667
2008-07-21,1060.0
2008-07-22,1073.33333333
2008-07-23,1086.66666667
2008-07-24,1100.0
2008-07-25,1113.33333333
2008-07-26,1126.66666667
2008-07-27,1140.0
2008-07-28,1153.33333333
2008-07-29,1166.66666667
2008-07-30,1180.0
2008-07-31,1193.33333333
2008-08-01,1206.66666667
2008-08-02,1213.33333333
2008-08-03,1220.0
2008-08-04,1226.66666667
2008-08-05,1233.33333333
2008-08-06,1240.0
2008-08-07,1246.66666667
2008-08-08,1253.33333333
2008-08-09,1260.0
2008-08-10,1266.66666667
2008-08-11,1273.33333333
2008-08-12,1280.0
2008-08-13,1280.0
2008-08-14,1286.66666667
2008-08-15,1293.33333333
2008-08-16,1293.33333333
2008-08-17,1293.33333333
2008-08-18,1293.33333333
2008-08-19,1293.33333333
2008-08-20,1293.33333333
2008-08-21,1293.33333333
2008-08-22,1293.33333333
2008-08-23,1293.33333333
2008-08-24,1293.33333333
2008-08-25,1293.33333333
2008-08-26,1293.33333333
2008-08-27,1293.33333333
2008-08-28,1293.33333333
2008-08-29,1293.33333333
2008-08-30,1291.60493827
2008-08-31,1286.66666667
2008-09-01,1280.0
2008-09-02,1273.33333333
2008-09-03,1266.66666667
2008-09-04,1260.0
2008-09-05,1253.33333333
2008-09-06,1246.66666667
2008-09-07,1240.0
2008-09-08,1233.33333333
2008-09-09,1226.66666667
2008-09-10,1220.0
2008-09-11,1220.0
2008-09-12,1226.66666667
2008-09-13,1226.66666667
2008-09-14,1226.66666667
2008-09-15,1226.66666667
2008-09-16,1226.66666667
2008-09-17,1226.66666667
2008-09-18,1223.33333333
2008-09-19,1216.66666667
2008-09-20,1210.0
2008-09-21,1203.33333333
2008-09-22,1196.66666667
2008-09-23,1190.0
2008-09-24,1183.33333333
2008-09-25,1176.66666667
2008-09-26,1170.0
2008-09-27,1163.33333333
2008-09-28,1156.66666667
2008-09-29,1151.72839506
2008-09-30,1150.0
2008-10-01,1150.0
2008-10-02,1150.0
2008-10-03,1150.0
2008-10-04,1150.0
2008-10-05,1150.0
2008-10-06,1150.0
2008-10-07,1150.0
2008-10-08,1150.0
2008-10-09,1150.0
2008-10-10,1153.33333333
2008-10-11,1149.13580247
2008-10-12,1143.33333333
2008-10-13,1136.66666667
2008-10-14,1130.0
2008-10-15,1123.33333333
2008-10-16,1116.66666667
2008-10-17,1110.0
2008-10-18,1106.66666667
2008-10-19,1106.66666667
2008-10-20,1106.66666667
2008-10-21,1106.66666667
2008-10-22,1106.66666667
2008-10-23,1113.33333333
2008-10-24,1120.0
2008-10-25,1126.66666667
2008-10-26,1133.33333333
2008-10-27,1140.0
2008-10-28,1146.66666667
2008-10-29,1153.33333333
2008-10-30,1160.0
2008-10-31,1166.66666667
2008-11-01,1173.33333333
2008-11-02,1180.0
2008-11-03,1186.66666667
2008-11-04,1193.33333333
2008-11-05,1200.0
2008-11-06,1206.66666667
2008-11-07,1213.33333333
2008-11-08,1221.72839506
2008-11-09,1230.0
2008-11-10,1240.86419753
2008-11-11,1253.33333333
2008-11-12,1266.66666667
2008-11-13,1280.0
2008-11-14,1300.0
2008-11-15,1320.0
2008-11-16,1340.0
2008-11-17,1360.0
2008-11-18,1376.66666667
2008-11-19,1393.33333333
2008-11-20,1410.0
2008-11-21,1426.66666667
2008-11-22,1435.80246914
2008-11-23,1443.33333333
2008-11-24,1450.0
2008-11-25,1458.33333333
2008-11-26,1468.33333333
2008-11-27,1478.33333333
2008-11-28,1485.0
2008-11-29,1491.66666667
2008-11-30,1498.33333333
2008-12-01,1505.0
2008-12-02,1518.33333333
2008-12-03,1525.0
2008-12-04,1531.66666667
2008-12-05,1538.33333333
2008-12-06,1545.86419753
2008-12-07,1555.0
2008-12-08,1563.27160494
2008-12-09,1568.33333333
2008-12-10,1571.66666667
2008-12-11,1575.0
2008-12-12,1578.33333333
2008-12-13,1580.80246914
2008-12-14,1575.0
2008-12-15,1568.33333333
2008-12-16,1561.66666667
2008-12-17,1555.0
2008-12-18,1558.33333333
2008-12-19,1561.66666667
2008-12-20,1565.0
2008-12-21,1568.33333333
2008-12-22,1572.5308642
2008-12-23,1578.33333333
2008-12-24,1585.0
2008-12-25,1591.32882883
2008-12-26,1597.9954955
2008-12-27,1605.64647981
2008-12-28,1617.45495495
2008-12-29,1630.78828829
2008-12-30,1650.78828829
2008-12-31,1674.12162162
2009-01-01,1690.78828829
2009-01-02,1714.12162162
2009-01-03,1734.86236236
2009-01-04,1750.78828829
2009-01-05,1763.25742409
2009-01-06,1774.12162162
2009-01-07,1784.12162162
2009-01-08,1794.12162162
2009-01-09,1804.12162162
2009-01-10,1814.12162162
2009-01-11,1824.12162162
2009-01-12,1834.98581915
2009-01-13,1847.45495495
2009-01-14,1860.78828829
2009-01-15,1874.12162162
2009-01-16,1887.45495495
2009-01-17,1893.66146449
2009-01-18,1898.66707617
2009-01-19,1902.0004095
2009-01-20,1902.0004095
2009-01-21,1895.33374283
2009-01-22,1888.66707617
2009-01-23,1882.0004095
2009-01-24,1874.004914
2009-01-25,1864.004914
2009-01-26,1853.02059635
2009-01-27,1841.21212121
2009-01-28,1827.87878788
2009-01-29,1807.87878788
2009-01-30,1781.21212121
2009-01-31,1754.54545455
2009-02-01,1727.87878788
2009-02-02,1703.8047138
2009-02-03,1684.54545455
2009-02-04,1667.87878788
2009-02-05,1651.21212121
2009-02-06,1634.54545455
2009-02-07,1618.74298541
2009-02-08,1604.54545455
2009-02-09,1591.21212121
2009-02-10,1577.87878788
2009-02-11,1564.54545455
2009-02-12,1551.21212121
2009-02-13,1537.87878788
2009-02-14,1524.54545455
2009-02-15,1511.21212121
2009-02-16,1498.33894501
2009-02-17,1490.0
2009-02-18,1483.33333333
2009-02-19,1480.0
2009-02-20,1483.33333333
2009-02-21,1486.66666667
2009-02-22,1490.0
2009-02-23,1493.33333333
2009-02-24,1496.66666667
2009-02-25,1500.0
2009-02-26,1503.33333333
2009-02-27,1503.33333333
2009-02-28,1503.33333333
2009-03-01,1506.66666667
2009-03-02,1510.0
2009-03-03,1513.33333333
2009-03-04,1523.33333333
2009-03-05,1533.33333333
2009-03-06,1533.33333333
2009-03-07,1533.33333333
2009-03-08,1533.33333333
2009-03-09,1532.4691358
2009-03-10,1526.66666667
2009-03-11,1523.33333333
2009-03-12,1520.0
2009-03-13,1516.66666667
2009-03-14,1513.33333333
2009-03-15,1510.0
2009-03-16,1506.66666667
2009-03-17,1503.33333333
2009-03-18,1493.33333333
2009-03-19,1480.0
2009-03-20,1466.66666667
2009-03-21,1453.33333333
2009-03-22,1440.0
2009-03-23,1426.66666667
2009-03-24,1413.33333333
2009-03-25,1400.0
2009-03-26,1386.66666667
2009-03-27,1372.8125
2009-03-28,1357.8125
2009-03-29,1345.0
2009-03-30,1331.66666667
2009-03-31,1318.33333333
2009-04-01,1305.0
2009-04-02,1291.66666667
2009-04-03,1271.66666667
2009-04-04,1251.66666667
2009-04-05,1241.66666667
2009-04-06,1231.66666667
2009-04-07,1221.66666667
2009-04-08,1211.66666667
2009-04-09,1205.0
2009-04-10,1195.0
2009-04-11,1183.27160494
2009-04-12,1168.33333333
2009-04-13,1151.66666667
2009-04-14,1135.0
2009-04-15,1118.33333333
2009-04-16,1101.66666667
2009-04-17,1091.66666667
2009-04-18,1081.66666667
2009-04-19,1071.66666667
2009-04-20,1061.66666667
2009-04-21,1058.33333333
2009-04-22,1055.0
2009-04-23,1051.66666667
2009-04-24,1048.33333333
2009-04-25,1044.13580247
2009-04-26,1038.85416667
2009-04-27,1033.85416667
2009-04-28,1030.0
2009-04-29,1026.66666667
2009-04-30,1023.33333333
2009-05-01,1016.66666667
2009-05-02,1010.0
2009-05-03,1003.33333333
2009-05-04,996.666666667
2009-05-05,993.333333333
2009-05-06,990.0
2009-05-07,986.666666667
2009-05-08,983.333333333
2009-05-09,980.0
2009-05-10,976.666666667
2009-05-11,975.061728395
2009-05-12,976.666666667
2009-05-13,980.0
2009-05-14,983.333333333
2009-05-15,986.666666667
2009-05-16,990.0
2009-05-17,993.333333333
2009-05-18,996.666666667
2009-05-19,1000.0
2009-05-20,1003.33333333
2009-05-21,1000.0
2009-05-22,1000.0
2009-05-23,1000.0
2009-05-24,1000.0
2009-05-25,1000.86419753
2009-05-26,1003.33333333
2009-05-27,1013.33333333
2009-05-28,1023.33333333
2009-05-29,1033.33333333
2009-05-30,1043.33333333
2009-05-31,1056.66666667
2009-06-01,1070.0
2009-06-02,1083.33333333
2009-06-03,1096.66666667
2009-06-04,1106.66666667
2009-06-05,1113.33333333
2009-06-06,1120.0
2009-06-07,1126.66666667
2009-06-08,1133.33333333
2009-06-09,1140.0
2009-06-10,1146.66666667
2009-06-11,1153.33333333
2009-06-12,1160.0
2009-06-13,1166.66666667
2009-06-14,1173.33333333
2009-06-15,1180.0
2009-06-16,1186.66666667
2009-06-17,1193.33333333
2009-06-18,1200.0
2009-06-19,1206.66666667
2009-06-20,1214.19753086
2009-06-21,1220.0
2009-06-22,1226.66666667
2009-06-23,1233.33333333
2009-06-24,1236.66666667
2009-06-25,1240.0
2009-06-26,1236.66666667
2009-06-27,1233.33333333
2009-06-28,1230.0
2009-06-29,1226.66666667
2009-06-30,1223.33333333
2009-07-01,1220.0
2009-07-02,1216.66666667
2009-07-03,1220.0
2009-07-04,1223.33333333
2009-07-05,1230.0
2009-07-06,1236.66666667
2009-07-07,1243.33333333
2009-07-08,1250.0
2009-07-09,1256.66666667
2009-07-10,1263.33333333
2009-07-11,1270.0
2009-07-12,1276.66666667
2009-07-13,1283.33333333
2009-07-14,1290.0
2009-07-15,1290.0
2009-07-16,1290.0
2009-07-17,1290.0
2009-07-18,1290.86419753
2009-07-19,1293.33333333
2009-07-20,1295.80246914
2009-07-21,1296.66666667
2009-07-22,1296.66666667
2009-07-23,1296.66666667
2009-07-24,1300.0
2009-07-25,1303.33333333
2009-07-26,1306.66666667
2009-07-27,1310.0
2009-07-28,1313.33333333
2009-07-29,1316.66666667
2009-07-30,1320.0
2009-07-31,1323.33333333
2009-08-01,1326.66666667
2009-08-02,1323.33333333
2009-08-03,1320.0
2009-08-04,1316.66666667
2009-08-05,1313.33333333
2009-08-06,1306.66666667
2009-08-07,1300.0
2009-08-08,1293.33333333
2009-08-09,1286.66666667
2009-08-10,1280.0
2009-08-11,1273.33333333
2009-08-12,1266.66666667
2009-08-13,1260.0
2009-08-14,1260.0
2009-08-15,1260.0
2009-08-16,1260.0
2009-08-17,1259.13580247
2009-08-18,1256.66666667
2009-08-19,1253.33333333
2009-08-20,1250.0
2009-08-21,1246.66666667
2009-08-22,1243.33333333
2009-08-23,1240.0
2009-08-24,1236.66666667
2009-08-25,1233.33333333
2009-08-26,1230.0
2009-08-27,1226.66666667
2009-08-28,1223.33333333
2009-08-29,1220.0
2009-08-30,1216.66666667
2009-08-31,1213.33333333
2009-09-01,1210.0
2009-09-02,1206.66666667
2009-09-03,1203.33333333
2009-09-04,1200.0
2009-09-05,1200.0
2009-09-06,1200.0
2009-09-07,1200.0
2009-09-08,1200.0
2009-09-09,1200.0
2009-09-10,1200.0
2009-09-11,1200.0
2009-09-12,1200.0
2009-09-13,1200.0
2009-09-14,1200.0
2009-09-15,1200.0
2009-09-16,1200.0
2009-09-17,1200.0
2009-09-18,1200.0
2009-09-19,1200.0
2009-09-20,1200.0
2009-09-21,1200.0
2009-09-22,1220.0
2009-09-23,1240.0
2009-09-24,1260.0
2009-09-25,1276.66666667
2009-09-26,1293.33333333
2009-09-27,1310.0
2009-09-28,1326.66666667
2009-09-29,1343.33333333
2009-09-30,1360.0
2009-10-01,1376.66666667
2009-10-02,1376.66666667
2009-10-03,1381.85185185
2009-10-04,1396.66666667
2009-10-05,1416.66666667
2009-10-06,1436.66666667
2009-10-07,1456.66666667
2009-10-08,1486.66666667
2009-10-09,1520.0
2009-10-10,1553.33333333
2009-10-11,1586.66666667
2009-10-12,1620.0
2009-10-13,1653.33333333
2009-10-14,1686.66666667
2009-10-15,1720.0
2009-10-16,1753.33333333
2009-10-17,1786.66666667
2009-10-18,1820.0
2009-10-19,1853.33333333
2009-10-20,1886.66666667
2009-10-21,1920.0
2009-10-22,1930.0
2009-10-23,1940.0
2009-10-24,1950.0
2009-10-25,1963.33333333
2009-10-26,1976.66666667
2009-10-27,1986.66666667
2009-10-28,1996.66666667
2009-10-29,2006.66666667
2009-10-30,2016.66666667
2009-10-31,2026.66666667
2009-11-01,2053.33333333
2009-11-02,2074.81481481
2009-11-03,2086.66666667
2009-11-04,2100.0
2009-11-05,2113.33333333
2009-11-06,2126.66666667
2009-11-07,2130.0
2009-11-08,2130.0
2009-11-09,2130.0
2009-11-10,2130.0
2009-11-11,2130.0
2009-11-12,2140.0
2009-11-13,2146.66666667
2009-11-14,2151.66105499
2009-11-15,2155.45454545
2009-11-16,2158.78787879
2009-11-17,2168.78787879
2009-11-18,2178.78787879
2009-11-19,2188.78787879
2009-11-20,2198.78787879
2009-11-21,2212.12121212
2009-11-22,2225.45454545
2009-11-23,2238.78787879
2009-11-24,2252.12121212
2009-11-25,2265.45454545
2009-11-26,2282.12121212
2009-11-27,2302.12121212
2009-11-28,2322.12121212
2009-11-29,2342.12121212
2009-11-30,2362.12121212
2009-12-01,2382.12121212
2009-12-02,2395.45454545
2009-12-03,2402.12121212
2009-12-04,2402.12121212
2009-12-05,2402.12121212
2009-12-06,2402.12121212
2009-12-07,2402.12121212
2009-12-08,2402.12121212
2009-12-09,2402.12121212
2009-12-10,2402.12121212
2009-12-11,2401.77454545
2009-12-12,2390.60121212
2009-12-13,2381.77454545
2009-12-14,2373.79349046
2009-12-15,2366.66666667
2009-12-16,2360.0
2009-12-17,2346.66666667
2009-12-18,2333.33333333
2009-12-19,2320.86419753
2009-12-20,2310.0
2009-12-21,2300.0
2009-12-22,2290.0
2009-12-23,2280.0
2009-12-24,2270.0
2009-12-25,2256.66666667
2009-12-26,2243.33333333
2009-12-27,2226.66666667
2009-12-28,2210.0
2009-12-29,2193.33333333
2009-12-30,2176.66666667
2009-12-31,2160.0
2010-01-01,2146.66666667
2010-01-02,2138.32772166
2010-01-03,2128.78787879
2010-01-04,2118.78787879
2010-01-05,2118.78787879
2010-01-06,2108.78787879
2010-01-07,2098.78787879
2010-01-08,2088.78787879
2010-01-09,2078.78787879
2010-01-10,2069.13454545
2010-01-11,2060.30787879
2010-01-12,2054.13454545
2010-01-13,2050.45454545
2010-01-14,2047.12121212
2010-01-15,2037.12121212
2010-01-16,2027.12121212
2010-01-17,2017.12121212
2010-01-18,2006.25701459
2010-01-19,1997.12121212
2010-01-20,1987.12121212
2010-01-21,1973.78787879
2010-01-22,1963.78787879
2010-01-23,1952.92368126
2010-01-24,1943.78787879
2010-01-25,1933.78787879
2010-01-26,1923.78787879
2010-01-27,1913.78787879
2010-01-28,1903.78787879
2010-01-29,1893.78787879
2010-01-30,1883.78787879
2010-01-31,1877.12121212
2010-02-01,1872.12682379
2010-02-02,1868.33333333
2010-02-03,1865.0
2010-02-04,1851.66666667
2010-02-05,1848.33333333
2010-02-06,1845.0
2010-02-07,1841.66666667
2010-02-08,1838.33333333
2010-02-09,1835.0
2010-02-10,1828.33333333
2010-02-11,1820.0
2010-02-12,1810.0
2010-02-13,1800.0
2010-02-14,1796.66666667
2010-02-15,1793.33333333
2010-02-16,1790.0
2010-02-17,1770.0
2010-02-18,1746.66666667
2010-02-19,1723.33333333
2010-02-20,1703.33333333
2010-02-21,1680.0
2010-02-22,1657.5308642
2010-02-23,1646.66666667
2010-02-24,1636.66666667
2010-02-25,1626.66666667
2010-02-26,1616.66666667
2010-02-27,1606.66666667
2010-02-28,1596.66666667
2010-03-01,1586.66666667
2010-03-02,1575.57692308
2010-03-03,1562.24358974
2010-03-04,1545.57692308
2010-03-05,1528.91025641
2010-03-06,1512.24358974
2010-03-07,1495.57692308
2010-03-08,1478.91025641
2010-03-09,1462.24358974
2010-03-10,1445.57692308
2010-03-11,1428.91025641
2010-03-12,1415.57692308
2010-03-13,1402.24358974
2010-03-14,1388.91025641
2010-03-15,1375.57692308
2010-03-16,1362.24358974
2010-03-17,1348.91025641
2010-03-18,1338.91025641
2010-03-19,1345.57692308
2010-03-20,1352.24358974
2010-03-21,1358.91025641
2010-03-22,1365.57692308
2010-03-23,1372.24358974
2010-03-24,1378.91025641
2010-03-25,1372.24358974
2010-03-26,1365.57692308
2010-03-27,1358.91025641
2010-03-28,1352.24358974
2010-03-29,1345.57692308
2010-03-30,1338.91025641
2010-03-31,1332.24358974
2010-04-01,1326.66666667
2010-04-02,1323.33333333
2010-04-03,1323.33333333
2010-04-04,1323.33333333
2010-04-05,1323.33333333
2010-04-06,1323.33333333
2010-04-07,1323.33333333
2010-04-08,1320.0
2010-04-09,1316.66666667
2010-04-10,1313.33333333
2010-04-11,1310.0
2010-04-12,1306.66666667
2010-04-13,1303.33333333
2010-04-14,1300.0
2010-04-15,1296.66666667
2010-04-16,1293.33333333
2010-04-17,1286.66666667
2010-04-18,1280.0
2010-04-19,1273.33333333
2010-04-20,1266.66666667
2010-04-21,1260.0
2010-04-22,1253.33333333
2010-04-23,1246.66666667
2010-04-24,1243.33333333
2010-04-25,1240.0
2010-04-26,1236.66666667
2010-04-27,1230.0
2010-04-28,1223.33333333
2010-04-29,1216.66666667
2010-04-30,1210.0
2010-05-01,1203.33333333
2010-05-02,1196.66666667
2010-05-03,1190.0
2010-05-04,1183.33333333
2010-05-05,1176.66666667
2010-05-06,1170.0
2010-05-07,1163.33333333
2010-05-08,1160.86419753
2010-05-09,1160.0
2010-05-10,1160.0
2010-05-11,1156.66666667
2010-05-12,1153.33333333
2010-05-13,1150.0
2010-05-14,1146.66666667
2010-05-15,1143.33333333
2010-05-16,1140.0
2010-05-17,1136.66666667
2010-05-18,1133.33333333
2010-05-19,1130.0
2010-05-20,1126.66666667
2010-05-21,1123.33333333
2010-05-22,1120.0
2010-05-23,1116.66666667
2010-05-24,1113.33333333
2010-05-25,1113.33333333
2010-05-26,1113.33333333
2010-05-27,1116.66666667
2010-05-28,1120.0
2010-05-29,1123.33333333
2010-05-30,1126.66666667
2010-05-31,1130.0
2010-06-01,1133.33333333
2010-06-02,1136.66666667
2010-06-03,1140.0
2010-06-04,1143.33333333
2010-06-05,1146.66666667
2010-06-06,1150.0
2010-06-07,1152.4691358
2010-06-08,1153.33333333
2010-06-09,1150.0
2010-06-10,1150.0
2010-06-11,1150.0
2010-06-12,1150.0
2010-06-13,1150.0
2010-06-14,1150.0
2010-06-15,1153.33333333
2010-06-16,1153.33333333
2010-06-17,1153.33333333
2010-06-18,1153.33333333
2010-06-19,1153.33333333
2010-06-20,1153.33333333
2010-06-21,1153.33333333
2010-06-22,1153.33333333
2010-06-23,1153.33333333
2010-06-24,1150.0
2010-06-25,1150.0
2010-06-26,1150.0
2010-06-27,1150.0
2010-06-28,1150.0
2010-06-29,1150.0
2010-06-30,1150.0
2010-07-01,1150.0
2010-07-02,1150.0
2010-07-03,1150.0
2010-07-04,1150.0
2010-07-05,1150.0
2010-07-06,1150.0
2010-07-07,1150.0
2010-07-08,1150.0
2010-07-09,1150.0
2010-07-10,1150.86419753
2010-07-11,1153.33333333
2010-07-12,1156.66666667
2010-07-13,1160.0
2010-07-14,1163.33333333
2010-07-15,1163.33333333
2010-07-16,1166.66666667
2010-07-17,1170.0
2010-07-18,1173.33333333
2010-07-19,1176.66666667
2010-07-20,1180.0
2010-07-21,1186.66666667
2010-07-22,1193.33333333
2010-07-23,1200.0
2010-07-24,1206.66666667
2010-07-25,1210.0
2010-07-26,1213.33333333
2010-07-27,1216.66666667
2010-07-28,1220.0
2010-07-29,1223.33333333
2010-07-30,1226.66666667
2010-07-31,1230.0
2010-08-01,1233.33333333
2010-08-02,1236.66666667
2010-08-03,1240.0
2010-08-04,1243.33333333
2010-08-05,1246.66666667
2010-08-06,1250.0
2010-08-07,1253.33333333
2010-08-08,1260.0
2010-08-09,1265.80246914
2010-08-10,1270.0
2010-08-11,1273.33333333
2010-08-12,1276.66666667
2010-08-13,1280.0
2010-08-14,1283.33333333
2010-08-15,1286.66666667
2010-08-16,1290.0
2010-08-17,1293.33333333
2010-08-18,1296.66666667
2010-08-19,1300.0
2010-08-20,1300.0
2010-08-21,1301.72839506
2010-08-22,1306.66666667
2010-08-23,1313.33333333
2010-08-24,1320.0
2010-08-25,1323.33333333
2010-08-26,1326.66666667
2010-08-27,1330.0
2010-08-28,1336.79012346
2010-08-29,1350.0
2010-08-30,1366.66666667
2010-08-31,1383.33333333
2010-09-01,1400.0
2010-09-02,1420.0
2010-09-03,1440.0
2010-09-04,1461.72839506
2010-09-05,1486.66666667
2010-09-06,1513.33333333
2010-09-07,1540.0
2010-09-08,1566.66666667
2010-09-09,1593.33333333
2010-09-10,1620.0
2010-09-11,1646.66666667
2010-09-12,1673.33333333
2010-09-13,1700.0
2010-09-14,1730.0
2010-09-15,1763.33333333
2010-09-16,1796.66666667
2010-09-17,1830.0
2010-09-18,1863.33333333
2010-09-19,1896.66666667
2010-09-20,1928.27160494
2010-09-21,1956.66666667
2010-09-22,1983.33333333
2010-09-23,2010.0
2010-09-24,2040.0
2010-09-25,2070.86419753
2010-09-26,2103.33333333
2010-09-27,2133.20987654
2010-09-28,2153.33333333
2010-09-29,2170.0
2010-09-30,2186.66666667
2010-10-01,2203.33333333
2010-10-02,2216.66666667
2010-10-03,2230.0
2010-10-04,2241.60493827
2010-10-05,2250.0
2010-10-06,2256.66666667
2010-10-07,2263.33333333
2010-10-08,2270.0
2010-10-09,2276.66666667
2010-10-10,2283.33333333
2010-10-11,2290.0
2010-10-12,2296.66666667
2010-10-13,2303.33333333
2010-10-14,2306.66666667
2010-10-15,2306.66666667
2010-10-16,2306.66666667
2010-10-17,2306.66666667
2010-10-18,2306.66666667
2010-10-19,2306.66666667
2010-10-20,2306.66666667
2010-10-21,2313.33333333
2010-10-22,2321.50767544
2010-10-23,2330.71820175
2010-10-24,2340.52631579
2010-10-25,2349.66211826
2010-10-26,2353.85964912
2010-10-27,2377.19298246
2010-10-28,2403.85964912
2010-10-29,2443.85964912
2010-10-30,2483.85964912
2010-10-31,2523.85964912
2010-11-01,2563.85964912
2010-11-02,2603.85964912
2010-11-03,2643.85964912
2010-11-04,2683.85964912
2010-11-05,2723.85964912
2010-11-06,2763.85964912
2010-11-07,2803.85964912
2010-11-08,2843.85964912
2010-11-09,2897.19298246
2010-11-10,2947.19298246
2010-11-11,2997.19298246
2010-11-12,3047.19298246
2010-11-13,3098.92137752
2010-11-14,3153.85964912
2010-11-15,3210.52631579
2010-11-16,3267.19298246
2010-11-17,3323.85964912
2010-11-18,3380.52631579
2010-11-19,3437.19298246
2010-11-20,3487.19298246
2010-11-21,3535.68530702
2010-11-22,3583.14144737
2010-11-23,3630.0
2010-11-24,3676.66666667
2010-11-25,3720.0
2010-11-26,3743.33333333
2010-11-27,3767.43410077
2010-11-28,3780.45045045
2010-11-29,3797.11711712
2010-11-30,3827.11711712
2010-12-01,3853.78378378
2010-12-02,3880.45045045
2010-12-03,3907.11711712
2010-12-04,3933.78378378
2010-12-05,3960.45045045
2010-12-06,3987.11711712
2010-12-07,4017.11711712
2010-12-08,4140.45045045
2010-12-09,4250.45045045
2010-12-10,4363.78378378
2010-12-11,4476.82639629
2010-12-12,4588.83754722
2010-12-13,4697.10915216
2010-12-14,4755.50421389
2010-12-15,4812.17088056
2010-12-16,4852.17088056
2010-12-17,4892.17088056
2010-12-18,4933.03507809
2010-12-19,4975.50421389
2010-12-20,5018.83754722
2010-12-21,5058.83754722
2010-12-22,5098.83754722
2010-12-23,5138.83754722
2010-12-24,5178.83754722
2010-12-25,5235.01038673
2010-12-26,5308.83754722
2010-12-27,5391.40344646
2010-12-28,5455.05376344
2010-12-29,5511.72043011
2010-12-30,5538.38709677
2010-12-31,5568.38709677
2011-01-01,5596.65870171
2011-01-02,5621.72043011
2011-01-03,5645.05376344
2011-01-04,5668.38709677
2011-01-05,5678.38709677
2011-01-06,5685.05376344
2011-01-07,5598.38709677
2011-01-08,5512.58462764
2011-01-09,5428.38709677
2011-01-10,5345.34448427
2011-01-11,5263.33333333
2011-01-12,5183.33333333
2011-01-13,5150.0
2011-01-14,5076.66666667
2011-01-15,5012.44064577
2011-01-16,4943.84615385
2011-01-17,4872.98195632
2011-01-18,4800.51282051
2011-01-19,4707.17948718
2011-01-20,4617.17948718
2011-01-21,4527.17948718
2011-01-22,4437.17948718
2011-01-23,4347.17948718
2011-01-24,4247.67331434
2011-01-25,4117.17948718
2011-01-26,3977.17948718
2011-01-27,3853.84615385
2011-01-28,3733.84615385
2011-01-29,3627.92022792
2011-01-30,3517.17948718
2011-01-31,3405.57454891
2011-02-01,3297.17948718
2011-02-02,3190.51282051
2011-02-03,3083.84615385
2011-02-04,2990.51282051
2011-02-05,2897.17948718
2011-02-06,2803.84615385
2011-02-07,2709.64862298
2011-02-08,2613.84615385
2011-02-09,2520.51282051
2011-02-10,2433.84615385
2011-02-11,2347.17948718
2011-02-12,2261.37701804
2011-02-13,2217.17948718
2011-02-14,2181.40550807
2011-02-15,2140.0
2011-02-16,2100.0
2011-02-17,2060.0
2011-02-18,2040.0
2011-02-19,2018.27160494
2011-02-20,1993.33333333
2011-02-21,1966.66666667
2011-02-22,1943.33333333
2011-02-23,1906.66666667
2011-02-24,1883.33333333
2011-02-25,1860.0
2011-02-26,1837.5308642
2011-02-27,1816.66666667
2011-02-28,1799.25925926
2011-03-01,1783.33333333
2011-03-02,1770.0
2011-03-03,1753.33333333
2011-03-04,1736.66666667
2011-03-05,1720.86419753
2011-03-06,1706.66666667
2011-03-07,1693.33333333
2011-03-08,1676.66666667
2011-03-09,1660.0
2011-03-10,1643.33333333
2011-03-11,1623.33333333
2011-03-12,1597.5308642
2011-03-13,1573.33333333
2011-03-14,1549.13580247
2011-03-15,1520.0
2011-03-16,1493.33333333
2011-03-17,1476.66666667
2011-03-18,1460.0
2011-03-19,1443.33333333
2011-03-20,1426.66666667
2011-03-21,1411.72839506
2011-03-22,1400.0
2011-03-23,1390.0
2011-03-24,1376.66666667
2011-03-25,1376.66666667
2011-03-26,1376.66666667
2011-03-27,1376.66666667
2011-03-28,1375.80246914
2011-03-29,1373.33333333
2011-03-30,1370.0
2011-03-31,1370.0
2011-04-01,1370.0
2011-04-02,1373.33333333
2011-04-03,1376.66666667
2011-04-04,1379.13580247
2011-04-05,1376.66666667
2011-04-06,1373.33333333
2011-04-07,1373.33333333
2011-04-08,1373.85416667
2011-04-09,1375.52083333
2011-04-10,1378.33333333
2011-04-11,1380.80246914
2011-04-12,1378.33333333
2011-04-13,1375.0
2011-04-14,1375.0
2011-04-15,1371.66666667
2011-04-16,1369.19753086
2011-04-17,1368.33333333
2011-04-18,1368.33333333
2011-04-19,1368.33333333
2011-04-20,1371.66666667
2011-04-21,1375.0
2011-04-22,1378.33333333
2011-04-23,1381.66666667
2011-04-24,1385.0
2011-04-25,1388.33333333
2011-04-26,1391.66666667
2011-04-27,1395.0
2011-04-28,1398.33333333
2011-04-29,1401.66666667
2011-04-30,1405.0
2011-05-01,1408.33333333
2011-05-02,1411.66666667
2011-05-03,1415.0
2011-05-04,1418.33333333
2011-05-05,1425.0
2011-05-06,1431.66666667
2011-05-07,1438.33333333
2011-05-08,1444.47916667
2011-05-09,1449.47916667
2011-05-10,1453.33333333
2011-05-11,1456.66666667
2011-05-12,1466.66666667
2011-05-13,1476.66666667
2011-05-14,1486.66666667
2011-05-15,1496.66666667
2011-05-16,1505.80246914
2011-05-17,1513.33333333
2011-05-18,1516.66666667
2011-05-19,1520.0
2011-05-20,1520.0
2011-05-21,1520.0
2011-05-22,1520.0
2011-05-23,1520.0
2011-05-24,1520.0
2011-05-25,1520.0
2011-05-26,1520.0
2011-05-27,1523.33333333
2011-05-28,1526.66666667
2011-05-29,1530.0
2011-05-30,1533.33333333
2011-05-31,1536.66666667
2011-06-01,1540.0
2011-06-02,1543.33333333
2011-06-03,1546.66666667
2011-06-04,1550.0
2011-06-05,1553.33333333
2011-06-06,1556.66666667
2011-06-07,1560.0
2011-06-08,1563.33333333
2011-06-09,1566.66666667
2011-06-10,1570.0
2011-06-11,1571.72839506
2011-06-12,1576.66666667
2011-06-13,1583.33333333
2011-06-14,1590.0
2011-06-15,1596.66666667
2011-06-16,1600.0
2011-06-17,1606.66666667
2011-06-18,1613.33333333
2011-06-19,1620.0
2011-06-20,1626.66666667
2011-06-21,1630.0
2011-06-22,1633.33333333
2011-06-23,1636.66666667
2011-06-24,1640.0
2011-06-25,1643.33333333
2011-06-26,1643.33333333
2011-06-27,1643.33333333
2011-06-28,1643.33333333
2011-06-29,1643.33333333
2011-06-30,1643.33333333
2011-07-01,1643.33333333
2011-07-02,1643.33333333
2011-07-03,1643.33333333
2011-07-04,1643.33333333
2011-07-05,1643.33333333
2011-07-06,1643.33333333
2011-07-07,1643.33333333
2011-07-08,1643.33333333
2011-07-09,1643.33333333
2011-07-10,1643.33333333
2011-07-11,1641.60493827
2011-07-12,1636.66666667
2011-07-13,1630.0
2011-07-14,1623.33333333
2011-07-15,1616.66666667
2011-07-16,1613.33333333
2011-07-17,1610.0
2011-07-18,1606.66666667
2011-07-19,1603.33333333
2011-07-20,1600.0
2011-07-21,1600.0
2011-07-22,1600.0
2011-07-23,1600.0
2011-07-24,1600.0
2011-07-25,1600.0
2011-07-26,1600.0
2011-07-27,1600.0
2011-07-28,1600.0
2011-07-29,1600.0
2011-07-30,1600.23674242
2011-07-31,1601.14583333
2011-08-01,1603.10606061
2011-08-02,1606.43939394
2011-08-03,1613.10606061
2011-08-04,1619.77272727
2011-08-05,1626.43939394
2011-08-06,1633.10606061
2011-08-07,1639.77272727
2011-08-08,1646.43939394
2011-08-09,1653.10606061
2011-08-10,1659.77272727
2011-08-11,1666.43939394
2011-08-12,1676.43939394
2011-08-13,1686.43939394
2011-08-14,1696.43939394
2011-08-15,1706.43939394
2011-08-16,1716.43939394
2011-08-17,1726.43939394
2011-08-18,1736.43939394
2011-08-19,1746.43939394
2011-08-20,1756.43939394
2011-08-21,1766.43939394
2011-08-22,1776.43939394
2011-08-23,1786.43939394
2011-08-24,1799.77272727
2011-08-25,1813.10606061
2011-08-26,1826.43939394
2011-08-27,1839.77272727
2011-08-28,1853.10606061
2011-08-29,1866.20265152
2011-08-30,1878.62689394
2011-08-31,1890.0
2011-09-01,1900.0
2011-09-02,1906.66666667
2011-09-03,1914.19753086
2011-09-04,1923.33333333
2011-09-05,1933.33333333
2011-09-06,1943.33333333
2011-09-07,1953.33333333
2011-09-08,1963.33333333
2011-09-09,1973.33333333
2011-09-10,1983.33333333
2011-09-11,1990.0
2011-09-12,1996.66666667
2011-09-13,2003.33333333
2011-09-14,2010.0
2011-09-15,2016.66666667
2011-09-16,2023.33333333
2011-09-17,2030.0
2011-09-18,2036.66666667
2011-09-19,2043.33333333
2011-09-20,2050.0
2011-09-21,2056.66666667
2011-09-22,2061.66666667
2011-09-23,2061.66666667
2011-09-24,2061.66666667
2011-09-25,2061.66666667
2011-09-26,2061.66666667
2011-09-27,2061.66666667
2011-09-28,2061.66666667
2011-09-29,2061.66666667
2011-09-30,2065.0
2011-10-01,2068.33333333
2011-10-02,2071.66666667
2011-10-03,2074.13580247
2011-10-04,2075.0
2011-10-05,2075.0
2011-10-06,2075.0
2011-10-07,2075.0
2011-10-08,2075.0
2011-10-09,2075.0
2011-10-10,2075.0
2011-10-11,2075.0
2011-10-12,2075.24691358
2011-10-13,2076.11111111
2011-10-14,2077.77777778
2011-10-15,2080.24691358
2011-10-16,2083.33333333
2011-10-17,2086.66666667
2011-10-18,2090.0
2011-10-19,2093.33333333
2011-10-20,2096.66666667
2011-10-21,2096.66666667
2011-10-22,2098.33333333
2011-10-23,2101.66666667
2011-10-24,2105.0
2011-10-25,2108.33333333
2011-10-26,2111.66666667
2011-10-27,2115.0
2011-10-28,2118.33333333
2011-10-29,2121.66666667
2011-10-30,2121.66666667
2011-10-31,2121.66666667
2011-11-01,2116.66666667
2011-11-02,2106.66666667
2011-11-03,2096.66666667
2011-11-04,2086.66666667
2011-11-05,2076.66666667
2011-11-06,2066.66666667
2011-11-07,2056.66666667
2011-11-08,2046.66666667
2011-11-09,2036.66666667
2011-11-10,2026.66666667
2011-11-11,2016.41975309
2011-11-12,2005.55555556
2011-11-13,1993.88888889
2011-11-14,1981.41975309
2011-11-15,1968.33333333
2011-11-16,1955.0
2011-11-17,1941.66666667
2011-11-18,1928.33333333
2011-11-19,1915.0
2011-11-20,1905.0
2011-11-21,1895.0
2011-11-22,1885.0
2011-11-23,1875.0
2011-11-24,1865.0
2011-11-25,1855.0
2011-11-26,1844.13580247
2011-11-27,1831.66666667
2011-11-28,1818.33333333
2011-11-29,1805.0
2011-11-30,1791.66666667
2011-12-01,1783.33333333
2011-12-02,1780.0
2011-12-03,1776.66666667
2011-12-04,1773.33333333
2011-12-05,1770.0
2011-12-06,1766.66666667
2011-12-07,1763.33333333
2011-12-08,1760.0
2011-12-09,1756.66666667
2011-12-10,1751.60493827
2011-12-11,1743.33333333
2011-12-12,1733.33333333
2011-12-13,1723.33333333
2011-12-14,1713.33333333
2011-12-15,1703.33333333
2011-12-16,1690.0
2011-12-17,1676.66666667
2011-12-18,1663.33333333
2011-12-19,1650.0
2011-12-20,1636.66666667
2011-12-21,1630.0
2011-12-22,1623.33333333
2011-12-23,1616.66666667
2011-12-24,1608.27160494
2011-12-25,1596.66666667
2011-12-26,1584.19753086
2011-12-27,1573.33333333
2011-12-28,1563.33333333
2011-12-29,1553.33333333
2011-12-30,1543.33333333
2011-12-31,1533.33333333
2012-01-01,1523.33333333
2012-01-02,1513.33333333
2012-01-03,1503.33333333
2012-01-04,1493.33333333
2012-01-05,1483.33333333
2012-01-06,1470.0
2012-01-07,1456.66666667
2012-01-08,1443.33333333
2012-01-09,1431.72839506
2012-01-10,1423.33333333
2012-01-11,1416.66666667
2012-01-12,1410.0
2012-01-13,1403.33333333
2012-01-14,1396.66666667
2012-01-15,1393.33333333
2012-01-16,1390.0
2012-01-17,1386.66666667
2012-01-18,1383.33333333
2012-01-19,1380.0
2012-01-20,1370.0
2012-01-21,1360.0
2012-01-22,1350.0
2012-01-23,1341.72839506
2012-01-24,1336.66666667
2012-01-25,1333.33333333
2012-01-26,1330.0
2012-01-27,1326.66666667
2012-01-28,1322.87317621
2012-01-29,1317.87878788
2012-01-30,1311.21212121
2012-01-31,1301.21212121
2012-02-01,1291.21212121
2012-02-02,1281.21212121
2012-02-03,1271.21212121
2012-02-04,1264.85795455
2012-02-05,1269.85795455
2012-02-06,1282.87878788
2012-02-07,1299.54545455
2012-02-08,1292.87878788
2012-02-09,1286.21212121
2012-02-10,1279.54545455
2012-02-11,1272.87878788
2012-02-12,1266.21212121
2012-02-13,1259.54545455
2012-02-14,1252.87878788
2012-02-15,1249.54545455
2012-02-16,1246.21212121
2012-02-17,1242.87878788
2012-02-18,1240.40965208
2012-02-19,1239.54545455
2012-02-20,1239.54545455
2012-02-21,1239.54545455
2012-02-22,1239.54545455
2012-02-23,1239.54545455
2012-02-24,1239.54545455
2012-02-25,1239.54545455
2012-02-26,1239.54545455
2012-02-27,1240.00561167
2012-02-28,1241.66666667
2012-02-29,1245.0
2012-03-01,1251.66666667
2012-03-02,1258.33333333
2012-03-03,1264.13580247
2012-03-04,1268.33333333
2012-03-05,1268.02083333
2012-03-06,1259.6875
2012-03-07,1243.33333333
2012-03-08,1223.33333333
2012-03-09,1226.66666667
2012-03-10,1230.0
2012-03-11,1233.33333333
2012-03-12,1236.66666667
2012-03-13,1240.0
2012-03-14,1243.33333333
2012-03-15,1246.66666667
2012-03-16,1246.66666667
2012-03-17,1246.66666667
2012-03-18,1246.66666667
2012-03-19,1245.80246914
2012-03-20,1243.33333333
2012-03-21,1240.0
2012-03-22,1236.66666667
2012-03-23,1233.33333333
2012-03-24,1230.0
2012-03-25,1226.66666667
2012-03-26,1223.33333333
2012-03-27,1220.0
2012-03-28,1216.66666667
2012-03-29,1213.33333333
2012-03-30,1210.0
2012-03-31,1206.66666667
2012-04-01,1203.33333333
2012-04-02,1200.86419753
2012-04-03,1200.0
2012-04-04,1200.0
2012-04-05,1200.0
2012-04-06,1200.0
2012-04-07,1200.0
2012-04-08,1200.0
2012-04-09,1200.0
2012-04-10,1200.0
2012-04-11,1200.0
2012-04-12,1200.0
2012-04-13,1200.0
2012-04-14,1200.0
2012-04-15,1200.0
2012-04-16,1200.0
2012-04-17,1200.0
2012-04-18,1200.0
2012-04-19,1203.33333333
2012-04-20,1206.66666667
2012-04-21,1210.0
2012-04-22,1213.33333333
2012-04-23,1216.66666667
2012-04-24,1220.0
2012-04-25,1223.33333333
2012-04-26,1226.66666667
2012-04-27,1230.0
2012-04-28,1233.33333333
2012-04-29,1236.66666667
2012-04-30,1240.0
2012-05-01,1243.33333333
2012-05-02,1246.66666667
2012-05-03,1243.33333333
2012-05-04,1243.33333333
2012-05-05,1244.52513119
2012-05-06,1246.43734644
2012-05-07,1249.77067977
2012-05-08,1259.77067977
2012-05-09,1269.77067977
2012-05-10,1283.1040131
2012-05-11,1296.43734644
2012-05-12,1310.6348773
2012-05-13,1326.43734644
2012-05-14,1343.1040131
2012-05-15,1356.43734644
2012-05-16,1369.77067977
2012-05-17,1383.1040131
2012-05-18,1393.1040131
2012-05-19,1400.6348773
2012-05-20,1409.77067977
2012-05-21,1419.77067977
2012-05-22,1429.77067977
2012-05-23,1439.77067977
2012-05-24,1449.77067977
2012-05-25,1459.77067977
2012-05-26,1469.31052264
2012-05-27,1477.64946765
2012-05-28,1484.31613432
2012-05-29,1487.64946765
2012-05-30,1490.98280098
2012-05-31,1494.31613432
2012-06-01,1497.64946765
2012-06-02,1507.64946765
2012-06-03,1514.31613432
2012-06-04,1519.79100312
2012-06-05,1524.54545455
2012-06-06,1527.87878788
2012-06-07,1524.54545455
2012-06-08,1521.21212121
2012-06-09,1514.54545455
2012-06-10,1507.87878788
2012-06-11,1500.34792368
2012-06-12,1491.21212121
2012-06-13,1481.21212121
2012-06-14,1476.21212121
2012-06-15,1472.87878788
2012-06-16,1469.54545455
2012-06-17,1469.54545455
2012-06-18,1468.68125701
2012-06-19,1469.54545455
2012-06-20,1469.54545455
2012-06-21,1466.21212121
2012-06-22,1462.87878788
2012-06-23,1459.54545455
2012-06-24,1456.21212121
2012-06-25,1453.33894501
2012-06-26,1451.66666667
2012-06-27,1451.66666667
2012-06-28,1455.0
2012-06-29,1458.33333333
2012-06-30,1461.66666667
2012-07-01,1465.0
2012-07-02,1468.33333333
2012-07-03,1471.66666667
2012-07-04,1475.0
2012-07-05,1481.66666667
2012-07-06,1488.33333333
2012-07-07,1494.53984287
2012-07-08,1499.54545455
2012-07-09,1502.87878788
2012-07-10,1502.87878788
2012-07-11,1506.21212121
2012-07-12,1506.21212121
2012-07-13,1506.21212121
2012-07-14,1504.54545455
2012-07-15,1501.21212121
2012-07-16,1497.87878788
2012-07-17,1497.87878788
2012-07-18,1497.87878788
2012-07-19,1494.54545455
2012-07-20,1491.21212121
2012-07-21,1491.21212121
2012-07-22,1491.21212121
2012-07-23,1491.21212121
2012-07-24,1491.21212121
2012-07-25,1491.21212121
2012-07-26,1491.21212121
2012-07-27,1491.21212121
2012-07-28,1491.21212121
2012-07-29,1491.21212121
2012-07-30,1491.21212121
2012-07-31,1484.54545455
2012-08-01,1477.87878788
2012-08-02,1471.21212121
2012-08-03,1464.54545455
2012-08-04,1454.54545455
2012-08-05,1444.54545455
2012-08-06,1435.00561167
2012-08-07,1426.66666667
2012-08-08,1420.0
2012-08-09,1413.33333333
2012-08-10,1403.33333333
2012-08-11,1397.12682379
2012-08-12,1392.12121212
2012-08-13,1388.78787879
2012-08-14,1388.78787879
2012-08-15,1388.78787879
2012-08-16,1385.45454545
2012-08-17,1382.12121212
2012-08-18,1378.78787879
2012-08-19,1375.45454545
2012-08-20,1372.12121212
2012-08-21,1372.12121212
2012-08-22,1372.12121212
2012-08-23,1372.12121212
2012-08-24,1372.12121212
2012-08-25,1371.25701459
2012-08-26,1368.78787879
2012-08-27,1365.45454545
2012-08-28,1362.12121212
2012-08-29,1358.78787879
2012-08-30,1358.78787879
2012-08-31,1358.78787879
2012-09-01,1358.78787879
2012-09-02,1358.78787879
2012-09-03,1358.78787879
2012-09-04,1362.12121212
2012-09-05,1363.78787879
2012-09-06,1363.78787879
2012-09-07,1363.78787879
2012-09-08,1367.98540965
2012-09-09,1373.78787879
2012-09-10,1379.99438833
2012-09-11,1385.0
2012-09-12,1388.33333333
2012-09-13,1388.33333333
2012-09-14,1388.33333333
2012-09-15,1388.33333333
2012-09-16,1388.33333333
2012-09-17,1388.33333333
2012-09-18,1386.66666667
2012-09-19,1383.33333333
2012-09-20,1376.66666667
2012-09-21,1370.0
2012-09-22,1364.19753086
2012-09-23,1360.0
2012-09-24,1357.5308642
2012-09-25,1356.66666667
2012-09-26,1356.66666667
2012-09-27,1356.66666667
2012-09-28,1360.0
2012-09-29,1366.66666667
2012-09-30,1373.33333333
2012-10-01,1380.0
2012-10-02,1386.66666667
2012-10-03,1393.33333333
2012-10-04,1396.66666667
2012-10-05,1401.66666667
2012-10-06,1408.79349046
2012-10-07,1417.12121212
2012-10-08,1426.25701459
2012-10-09,1437.12121212
2012-10-10,1447.12121212
2012-10-11,1457.12121212
2012-10-12,1468.68371212
2012-10-13,1483.68371212
2012-10-14,1502.12121212
2012-10-15,1522.12121212
2012-10-16,1532.12121212
2012-10-17,1548.78787879
2012-10-18,1567.12121212
2012-10-19,1583.78787879
2012-10-20,1601.31874299
2012-10-21,1620.45454545
2012-10-22,1639.59034792
2012-10-23,1650.45454545
2012-10-24,1663.78787879
2012-10-25,1680.45454545
2012-10-26,1697.12121212
2012-10-27,1713.78787879
2012-10-28,1727.12121212
2012-10-29,1740.45454545
2012-10-30,1753.78787879
2012-10-31,1767.12121212
2012-11-01,1780.45454545
2012-11-02,1793.78787879
2012-11-03,1807.12121212
2012-11-04,1820.45454545
2012-11-05,1833.32772166
2012-11-06,1845.0
2012-11-07,1858.33333333
2012-11-08,1875.0
2012-11-09,1885.0
2012-11-10,1895.0
2012-11-11,1903.4375
2012-11-12,1908.4375
2012-11-13,1903.33333333
2012-11-14,1896.66666667
2012-11-15,1900.0
2012-11-16,1896.66666667
2012-11-17,1893.33333333
2012-11-18,1893.33333333
2012-11-19,1892.4691358
2012-11-20,1896.66666667
2012-11-21,1900.0
2012-11-22,1910.0
2012-11-23,1913.33333333
2012-11-24,1913.33333333
2012-11-25,1913.33333333
2012-11-26,1913.33333333
2012-11-27,1913.33333333
2012-11-28,1916.66666667
2012-11-29,1916.66666667
2012-11-30,1920.0
2012-12-01,1921.60493827
2012-12-02,1920.0
2012-12-03,1916.66666667
2012-12-04,1916.66666667
2012-12-05,1916.66666667
2012-12-06,1916.66666667
2012-12-07,1916.66666667
2012-12-08,1909.13580247
2012-12-09,1906.66666667
2012-12-10,1903.33333333
2012-12-11,1901.66666667
2012-12-12,1901.66666667
2012-12-13,1901.66666667
2012-12-14,1901.66666667
2012-12-15,1901.66666667
2012-12-16,1901.66666667
2012-12-17,1901.66666667
2012-12-18,1901.66666667
2012-12-19,1895.0
2012-12-20,1888.33333333
2012-12-21,1881.66666667
2012-12-22,1873.27160494
2012-12-23,1865.0
2012-12-24,1855.0
2012-12-25,1845.0
2012-12-26,1835.0
2012-12-27,1838.33333333
2012-12-28,1831.66666667
2012-12-29,1824.98877666
2012-12-30,1812.57575758
2012-12-31,1800.9708193
2013-01-01,1805.90909091
2013-01-02,1819.24242424
2013-01-03,1829.24242424
2013-01-04,1839.24242424
2013-01-05,1850.0668645
2013-01-06,1859.86389317
2013-01-07,1874.06142403
2013-01-08,1899.86389317
2013-01-09,1929.86389317
2013-01-10,1958.1972265
2013-01-11,1984.34305984
2013-01-12,2016.0097265
2013-01-13,2046.53055984
2013-01-14,2076.53055984
2013-01-15,2111.53055984
2013-01-16,2151.53055984
2013-01-17,2188.1972265
2013-01-18,2244.86389317
2013-01-19,2293.48342179
2013-01-20,2338.50025681
2013-01-21,2380.22865187
2013-01-22,2415.16692347
2013-01-23,2451.83359014
2013-01-24,2488.50025681
2013-01-25,2515.16692347
2013-01-26,2530.22865187
2013-01-27,2555.16692347
2013-01-28,2585.17814682
2013-01-29,2617.5911659
2013-01-30,2650.92449923
2013-01-31,2660.92449923
2013-02-01,2694.25783256
2013-02-02,2716.356598
2013-02-03,2717.5911659
2013-02-04,2706.76672564
2013-02-05,2694.49221949
2013-02-06,2681.15888616
2013-02-07,2671.15888616
2013-02-08,2651.15888616
2013-02-09,2627.81432948
2013-02-10,2602.5888104
2013-02-11,2577.5888104
2013-02-12,2560.4013104
2013-02-13,2543.73464373
2013-02-14,2515.4013104
2013-02-15,2482.06797707
2013-02-16,2452.06797707
2013-02-17,2408.73464373
2013-02-18,2366.78178178
2013-02-19,2321.76494676
2013-02-20,2281.76494676
2013-02-21,2258.43161343
2013-02-22,2235.0982801
2013-02-23,2210.0365517
2013-02-24,2191.76494676
2013-02-25,2170.0365517
2013-02-26,2158.43161343
2013-02-27,2138.43161343
2013-02-28,2118.43161343
2013-03-01,2098.43161343
2013-03-02,2088.43161343
2013-03-03,2048.43161343
2013-03-04,2019.66618133
2013-03-05,2011.76494676
2013-03-06,2015.0982801
2013-03-07,2024.24242424
2013-03-08,2024.24242424
2013-03-09,2012.63748597
2013-03-10,2010.90909091
2013-03-11,2014.25364759
2013-03-12,2006.66666667
2013-03-13,2002.75641026
2013-03-14,1996.08974359
2013-03-15,1991.76282051
2013-03-16,1996.25
2013-03-17,2002.30769231
2013-03-18,2008.97435897
2013-03-19,2015.64102564
2013-03-20,2022.30769231
2013-03-21,2028.97435897
2013-03-22,2035.64102564
2013-03-23,2035.64102564
2013-03-24,2035.64102564
2013-03-25,2037.3694207
2013-03-26,2035.64102564
2013-03-27,2035.64102564
2013-03-28,2022.30769231
2013-03-29,2015.64102564
2013-03-30,2008.97435897
2013-03-31,2002.30769231
2013-04-01,1995.64102564
2013-04-02,1982.30769231
2013-04-03,1975.64102564
2013-04-04,1968.97435897
2013-04-05,1961.26602564
2013-04-06,1944.59935897
2013-04-07,1932.30769231
2013-04-08,1917.24596391
2013-04-09,1898.97435897
2013-04-10,1878.97435897
2013-04-11,1872.30769231
2013-04-12,1869.55128205
2013-04-13,1861.15622032
2013-04-14,1847.21153846
2013-04-15,1829.39102564
2013-04-16,1816.66666667
2013-04-17,1800.0
2013-04-18,1780.0
2013-04-19,1766.66666667
2013-04-20,1760.0
2013-04-21,1753.33333333
2013-04-22,1746.66666667
2013-04-23,1740.0
2013-04-24,1733.33333333
2013-04-25,1733.33333333
2013-04-26,1733.33333333
2013-04-27,1733.33333333
2013-04-28,1733.33333333
2013-04-29,1733.33333333
2013-04-30,1733.33333333
2013-05-01,1733.33333333
2013-05-02,1746.66666667
2013-05-03,1753.33333333
2013-05-04,1760.0
2013-05-05,1767.70833333
2013-05-06,1777.70833333
2013-05-07,1790.0
2013-05-08,1803.33333333
2013-05-09,1816.66666667
2013-05-10,1836.66666667
2013-05-11,1856.66666667
2013-05-12,1870.0
2013-05-13,1885.0617284
2013-05-14,1910.0
2013-05-15,1930.0
2013-05-16,1943.33333333
2013-05-17,1960.0
2013-05-18,1980.0
2013-05-19,1993.33333333
2013-05-20,2006.66666667
2013-05-21,2020.0
2013-05-22,2040.0
2013-05-23,2060.0
2013-05-24,2066.66666667
2013-05-25,2071.40777594
2013-05-26,2075.07462687
2013-05-27,2078.4079602
2013-05-28,2081.74129353
2013-05-29,2088.4079602
2013-05-30,2095.07462687
2013-05-31,2101.74129353
2013-06-01,2102.20145066
2013-06-02,2103.86250565
2013-06-03,2107.19583899
2013-06-04,2113.86250565
2013-06-05,2127.19583899
2013-06-06,2147.19583899
2013-06-07,2167.19583899
2013-06-08,2187.19583899
2013-06-09,2200.52917232
2013-06-10,2213.86250565
2013-06-11,2227.19583899
2013-06-12,2233.86250565
2013-06-13,2240.52917232
2013-06-14,2253.86250565
2013-06-15,2263.73904886
2013-06-16,2267.19583899
2013-06-17,2267.19583899
2013-06-18,2287.19583899
2013-06-19,2307.19583899
2013-06-20,2333.86250565
2013-06-21,2353.86250565
2013-06-22,2375.59090072
2013-06-23,2413.86250565
2013-06-24,2455.78806305
2013-06-25,2498.78787879
2013-06-26,2542.12121212
2013-06-27,2585.45454545
2013-06-28,2625.45454545
2013-06-29,2665.45454545
2013-06-30,2705.45454545
2013-07-01,2744.99438833
2013-07-02,2783.33333333
2013-07-03,2833.33333333
2013-07-04,2883.33333333
2013-07-05,2926.66666667
2013-07-06,2959.01234568
2013-07-07,2983.33333333
2013-07-08,3003.33333333
2013-07-09,3023.33333333
2013-07-10,3036.66666667
2013-07-11,3050.0
2013-07-12,3076.66666667
2013-07-13,3094.9382716
2013-07-14,3110.0
2013-07-15,3126.79012346
2013-07-16,3150.0
2013-07-17,3203.33333333
2013-07-18,3236.66666667
2013-07-19,3270.0
2013-07-20,3296.66666667
2013-07-21,3323.33333333
2013-07-22,3348.27160494
2013-07-23,3376.66666667
2013-07-24,3396.66666667
2013-07-25,3423.33333333
2013-07-26,3465.35087719
2013-07-27,3529.73684211
2013-07-28,3614.29824561
2013-07-29,3707.63157895
2013-07-30,3800.96491228
2013-07-31,3880.96491228
2013-08-01,3960.96491228
2013-08-02,4027.63157895
2013-08-03,4094.4217024
2013-08-04,4167.63157895
2013-08-05,4248.61923327
2013-08-06,4324.29824561
2013-08-07,4390.96491228
2013-08-08,4457.63157895
2013-08-09,4537.63157895
2013-08-10,4620.97613563
2013-08-11,4700.05582137
2013-08-12,4781.78421643
2013-08-13,4853.3891547
2013-08-14,4926.72248804
2013-08-15,5000.05582137
2013-08-16,5046.72248804
2013-08-17,5093.3891547
2013-08-18,5140.05582137
2013-08-19,5186.72248804
2013-08-20,5233.3891547
2013-08-21,5240.05582137
2013-08-22,5250.05582137
2013-08-23,5266.72248804
2013-08-24,5279.67681263
2013-08-25,5284.89930764
2013-08-26,5278.17126304
2013-08-27,5262.61860588
2013-08-28,5248.71190034
2013-08-29,5242.42424242
2013-08-30,5252.42424242
2013-08-31,5262.42424242
2013-09-01,5272.42424242
2013-09-02,5278.9674523
2013-09-03,5269.09090909
2013-09-04,5265.75757576
2013-09-05,5285.75757576
2013-09-06,5319.09090909
2013-09-07,5352.42424242
2013-09-08,5379.09090909
2013-09-09,5402.41301908
2013-09-10,5423.33333333
2013-09-11,5443.33333333
2013-09-12,5476.66666667
2013-09-13,5500.0
2013-09-14,5523.33333333
2013-09-15,5546.66666667
2013-09-16,5570.0
2013-09-17,5593.33333333
2013-09-18,5616.66666667
2013-09-19,5640.0
2013-09-20,5703.33333333
2013-09-21,5754.9382716
2013-09-22,5803.33333333
2013-09-23,5847.04567541
2013-09-24,5883.13896987
2013-09-25,5908.8143829
2013-09-26,5923.13896987
2013-09-27,5927.04567541
2013-09-28,5923.33333333
2013-09-29,5916.66666667
2013-09-30,5910.0
2013-10-01,5903.33333333
2013-10-02,5896.66666667
2013-10-03,5900.0
2013-10-04,5903.33333333
2013-10-05,5896.66666667
2013-10-06,5890.0
2013-10-07,5883.33333333
2013-10-08,5876.66666667
2013-10-09,5873.33333333
2013-10-10,5886.66666667
2013-10-11,5903.33333333
2013-10-12,5920.0
2013-10-13,5946.66666667
2013-10-14,5973.33333333
2013-10-15,6000.0
2013-10-16,6026.66666667
2013-10-17,6053.33333333
2013-10-18,6080.0
2013-10-19,6106.66666667
2013-10-20,6133.33333333
2013-10-21,6161.72839506
2013-10-22,6193.33333333
2013-10-23,6226.66666667
2013-10-24,6263.33333333
2013-10-25,6296.66666667
2013-10-26,6330.0
2013-10-27,6363.33333333
2013-10-28,6396.66666667
2013-10-29,6430.0
2013-10-30,6463.33333333
2013-10-31,6496.66666667
2013-11-01,6530.0
2013-11-02,6563.33333333
2013-11-03,6586.66666667
2013-11-04,6610.0
2013-11-05,6633.33333333
2013-11-06,6656.66666667
2013-11-07,6680.0
2013-11-08,6700.0
2013-11-09,6699.01234568
2013-11-10,6686.66666667
2013-11-11,6670.0
2013-11-12,6653.33333333
2013-11-13,6636.66666667
2013-11-14,6620.0
2013-11-15,6603.33333333
2013-11-16,6586.66666667
2013-11-17,6570.0
2013-11-18,6553.33333333
2013-11-19,6536.66666667
2013-11-20,6518.28828829
2013-11-21,6494.95495495
2013-11-22,6444.95495495
2013-11-23,6391.62162162
2013-11-24,6341.62162162
2013-11-25,6291.62162162
2013-11-26,6241.62162162
2013-11-27,6191.62162162
2013-11-28,6151.62162162
2013-11-29,6084.95495495
2013-11-30,6015.43592505
2013-12-01,5944.76713003
2013-12-02,5871.4337967
2013-12-03,5781.4337967
2013-12-04,5694.76713003
2013-12-05,5608.10046337
2013-12-06,5501.4337967
2013-12-07,5394.76713003
2013-12-08,5288.10046337
2013-12-09,5185.75478436
2013-12-10,5091.4337967
2013-12-11,4997.07482234
2013-12-12,4893.74148901
2013-12-13,4777.07482234
2013-12-14,4655.18181823
2013-12-15,4529.79087173
2013-12-16,4403.12420506
2013-12-17,4276.45753839
2013-12-18,4156.45753839
2013-12-19,4033.12420506
2013-12-20,3914.83591677
2013-12-21,3802.8756895
2013-12-22,3718.63326525
2013-12-23,3635.0631895
2013-12-24,3551.72985616
2013-12-25,3468.39652283
2013-12-26,3385.0631895
2013-12-27,3301.72985616
2013-12-28,3207.7031895
2013-12-29,3138.68985616
2013-12-30,3070.55555273
2013-12-31,3001.91768108
2014-01-01,2935.25101442
2014-01-02,2885.25101442
2014-01-03,2831.91768108
2014-01-04,2778.12419062
2014-01-05,2743.1298023
2014-01-06,2706.46313563
2014-01-07,2666.46313563
2014-01-08,2626.46313563
2014-01-09,2586.46313563
2014-01-10,2550.82210999
2014-01-11,2524.15544332
2014-01-12,2510.82210999
2014-01-13,2502.7151141
2014-01-14,2498.10606061
2014-01-15,2494.77272727
2014-01-16,2491.43939394
2014-01-17,2481.43939394
2014-01-18,2474.77272727
2014-01-19,2464.77272727
2014-01-20,2453.39962121
2014-01-21,2440.97537879
2014-01-22,2427.87878788
2014-01-23,2414.54545455
2014-01-24,2401.21212121
2014-01-25,2387.87878788
2014-01-26,2374.54545455
2014-01-27,2361.90545455
2014-01-28,2347.58545455
2014-01-29,2328.57212121
2014-01-30,2311.21212121
2014-01-31,2294.54545455
2014-02-01,2277.87878788
2014-02-02,2261.21212121
2014-02-03,2245.00561167
2014-02-04,2230.0
2014-02-05,2216.66666667
2014-02-06,2206.66666667
2014-02-07,2196.66666667
2014-02-08,2186.66666667
2014-02-09,2176.66666667
2014-02-10,2166.66666667
2014-02-11,2160.0
2014-02-12,2153.33333333
2014-02-13,2146.66666667
2014-02-14,2140.0
2014-02-15,2133.33333333
2014-02-16,2126.66666667
2014-02-17,2120.0
2014-02-18,2113.33333333
2014-02-19,2106.66666667
2014-02-20,2100.0
2014-02-21,2093.33333333
2014-02-22,2086.66666667
2014-02-23,2080.0
2014-02-24,2073.33333333
2014-02-25,2066.66666667
2014-02-26,2060.0
2014-02-27,2056.66666667
2014-02-28,2060.0
2014-03-01,2063.33333333
2014-03-02,2066.66666667
2014-03-03,2070.0
2014-03-04,2073.33333333
2014-03-05,2076.66666667
2014-03-06,2080.0
2014-03-07,2083.33333333
2014-03-08,2086.66666667
2014-03-09,2090.0
2014-03-10,2093.33333333
2014-03-11,2096.66666667
2014-03-12,2100.0
2014-03-13,2100.0
2014-03-14,2100.0
2014-03-15,2101.04166667
2014-03-16,2104.375
2014-03-17,2110.0
2014-03-18,2116.66666667
2014-03-19,2123.33333333
2014-03-20,2130.0
2014-03-21,2136.66666667
2014-03-22,2143.33333333
2014-03-23,2150.0
2014-03-24,2156.66666667
2014-03-25,2163.33333333
2014-03-26,2170.0
2014-03-27,2176.66666667
2014-03-28,2183.33333333
2014-03-29,2190.0
2014-03-30,2196.66666667
2014-03-31,2203.33333333
2014-04-01,2210.0
2014-04-02,2218.33333333
2014-04-03,2228.33333333
2014-04-04,2238.33333333
2014-04-05,2248.33333333
2014-04-06,2258.33333333
2014-04-07,2268.33333333
2014-04-08,2278.33333333
2014-04-09,2288.33333333
2014-04-10,2298.33333333
2014-04-11,2308.33333333
2014-04-12,2319.19753086
2014-04-13,2331.66666667
2014-04-14,2343.95833333
2014-04-15,2353.95833333
2014-04-16,2361.66666667
2014-04-17,2368.33333333
2014-04-18,2375.0
2014-04-19,2381.66666667
2014-04-20,2388.33333333
2014-04-21,2395.0
2014-04-22,2401.66666667
2014-04-23,2408.33333333
2014-04-24,2416.66666667
2014-04-25,2426.66666667
2014-04-26,2436.66666667
2014-04-27,2446.66666667
2014-04-28,2456.66666667
2014-04-29,2466.66666667
2014-04-30,2476.66666667
2014-05-01,2486.66666667
2014-05-02,2495.0
2014-05-03,2503.39506173
2014-05-04,2515.0
2014-05-05,2528.33333333
2014-05-06,2541.66666667
2014-05-07,2555.0
2014-05-08,2565.0
2014-05-09,2575.0
2014-05-10,2585.0
2014-05-11,2595.0
2014-05-12,2604.13580247
2014-05-13,2611.66666667
2014-05-14,2618.33333333
2014-05-15,2625.0
2014-05-16,2631.66666667
2014-05-17,2638.33333333
2014-05-18,2645.0
2014-05-19,2651.66666667
2014-05-20,2665.0
2014-05-21,2678.33333333
2014-05-22,2685.0
2014-05-23,2695.0
2014-05-24,2703.33333333
2014-05-25,2710.0
2014-05-26,2716.66666667
2014-05-27,2723.33333333
2014-05-28,2733.33333333
2014-05-29,2746.66666667
2014-05-30,2756.66666667
2014-05-31,2766.66666667
2014-06-01,2776.66666667
2014-06-02,2784.9382716
2014-06-03,2790.0
2014-06-04,2793.33333333
2014-06-05,2796.66666667
2014-06-06,2800.0
2014-06-07,2806.66666667
2014-06-08,2813.33333333
2014-06-09,2820.0
2014-06-10,2823.33333333
2014-06-11,2826.66666667
2014-06-12,2830.0
2014-06-13,2836.66666667
2014-06-14,2845.71428571
2014-06-15,2856.9047619
2014-06-16,2869.64285714
2014-06-17,2882.97619048
2014-06-18,2892.97619048
2014-06-19,2892.97619048
2014-06-20,2892.97619048
2014-06-21,2899.64285714
2014-06-22,2902.97619048
2014-06-23,2906.30952381
2014-06-24,2909.64285714
2014-06-25,2919.64285714
2014-06-26,2929.64285714
2014-06-27,2929.64285714
2014-06-28,2927.17372134
2014-06-29,2929.64285714
2014-06-30,2932.97619048
2014-07-01,2932.97619048
2014-07-02,2932.97619048
2014-07-03,2932.97619048
2014-07-04,2932.97619048
2014-07-05,2932.97619048
2014-07-06,2932.97619048
2014-07-07,2932.97619048
2014-07-08,2929.64285714
2014-07-09,2926.30952381
2014-07-10,2926.30952381
2014-07-11,2922.97619048
2014-07-12,2919.64285714
2014-07-13,2912.97619048
2014-07-14,2903.92857143
2014-07-15,2892.73809524
2014-07-16,2880.0
2014-07-17,2870.0
2014-07-18,2860.0
2014-07-19,2850.37888463
2014-07-20,2838.16091954
2014-07-21,2824.82758621
2014-07-22,2811.49425287
2014-07-23,2798.16091954
2014-07-24,2784.82758621
2014-07-25,2764.82758621
2014-07-26,2743.90727195
2014-07-27,2727.25182863
2014-07-28,2706.3876311
2014-07-29,2677.25182863
2014-07-30,2657.25182863
2014-07-31,2647.25182863
2014-08-01,2640.52872184
2014-08-02,2636.56522669
2014-08-03,2634.72289659
2014-08-04,2634.24211989
2014-08-05,2634.24211989
2014-08-06,2634.24211989
2014-08-07,2637.57545323
2014-08-08,2640.90878656
2014-08-09,2645.10631742
2014-08-10,2654.24211989
2014-08-11,2664.24211989
2014-08-12,2674.24211989
2014-08-13,2684.24211989
2014-08-14,2694.24211989
2014-08-15,2705.28378656
2014-08-16,2715.28378656
2014-08-17,2730.90878656
2014-08-18,2750.52990193
2014-08-19,2772.74786702
2014-08-20,2792.74786702
2014-08-21,2809.41453369
2014-08-22,2826.08120035
2014-08-23,2843.26870035
2014-08-24,2861.60203369
2014-08-25,2882.00151461
2014-08-26,2905.3236246
2014-08-27,2931.99029126
2014-08-28,2965.3236246
2014-08-29,2988.65695793
2014-08-30,3005.3236246
2014-08-31,3018.71339806
2014-09-01,3029.34355987
2014-09-02,3037.85255663
2014-09-03,3048.33333333
2014-09-04,3055.0
2014-09-05,3058.33333333
2014-09-06,3061.66666667
2014-09-07,3065.0
2014-09-08,3067.4691358
2014-09-09,3065.0
2014-09-10,3061.66666667
2014-09-11,3055.0
2014-09-12,3048.33333333
2014-09-13,3041.66666667
2014-09-14,3033.95833333
2014-09-15,3023.95833333
2014-09-16,3008.33333333
2014-09-17,2991.82529233
2014-09-18,2975.77808082
2014-09-19,2963.80466472
2014-09-20,2956.1621054
2014-09-21,2949.75155961
2014-09-22,2944.2641129
2014-09-23,2939.2641129
2014-09-24,2936.4516129
2014-09-25,2933.11827957
2014-09-26,2923.11827957
2014-09-27,2913.11827957
2014-09-28,2903.11827957
2014-09-29,2893.11827957
2014-09-30,2883.11827957
2014-10-01,2873.11827957
2014-10-02,2863.11827957
2014-10-03,2849.78494624
2014-10-04,2840.24510336
2014-10-05,2835.23949169
2014-10-06,2831.90615836
2014-10-07,2831.90615836
2014-10-08,2831.90615836
2014-10-09,2835.23949169
2014-10-10,2838.57282502
2014-10-11,2845.23949169
2014-10-12,2851.90615836
2014-10-13,2858.57282502
2014-10-14,2865.23949169
2014-10-15,2871.90615836
2014-10-16,2881.90615836
2014-10-17,2891.7475327
2014-10-18,2901.12807754
2014-10-19,2909.7681603
2014-10-20,2917.41071963
2014-10-21,2925.48793208
2014-10-22,2933.78787879
2014-10-23,2938.78787879
2014-10-24,2938.78787879
2014-10-25,2938.78787879
2014-10-26,2945.45454545
2014-10-27,2952.12121212
2014-10-28,2958.78787879
2014-10-29,2965.45454545
2014-10-30,2968.78787879
2014-10-31,2975.45454545
2014-11-01,2982.12121212
2014-11-02,2988.78787879
2014-11-03,2994.99438833
2014-11-04,3006.66666667
2014-11-05,3013.33333333
2014-11-06,3013.33333333
2014-11-07,3013.33333333
2014-11-08,3013.33333333
2014-11-09,3013.33333333
2014-11-10,3013.33333333
2014-11-11,3016.66666667
2014-11-12,3023.33333333
2014-11-13,3030.0
2014-11-14,3036.66666667
2014-11-15,3043.33333333
2014-11-16,3050.0
2014-11-17,3056.66666667
2014-11-18,3063.33333333
2014-11-19,3066.66666667
2014-11-20,3068.33333333
2014-11-21,3068.33333333
2014-11-22,3069.13580247
2014-11-23,3070.0
2014-11-24,3070.0
2014-11-25,3070.0
2014-11-26,3073.33333333
2014-11-27,3076.66666667
2014-11-28,3080.0
2014-11-29,3086.28294962
2014-11-30,3088.10810811
2014-12-01,3088.10810811
2014-12-02,3081.44144144
2014-12-03,3074.77477477
2014-12-04,3061.44144144
2014-12-05,3058.10810811
2014-12-06,3058.10810811
2014-12-07,3058.10810811
2014-12-08,3058.10810811
2014-12-09,3058.10810811
2014-12-10,3058.10810811
2014-12-11,3054.77477477
2014-12-12,3048.10810811
2014-12-13,3041.44144144
2014-12-14,3034.77477477
2014-12-15,3028.10810811
2014-12-16,3014.77477477
2014-12-17,3001.44144144
2014-12-18,2988.10810811
2014-12-19,2981.44144144
2014-12-20,2973.91057724
2014-12-21,2964.77477477
2014-12-22,2955.63897231
2014-12-23,2948.10810811
2014-12-24,2941.44144144
2014-12-25,2934.77477477
2014-12-26,2924.77477477
2014-12-27,2915.63897231
2014-12-28,2908.10810811
2014-12-29,2901.82515849
2014-12-30,2896.66666667
2014-12-31,2893.33333333
2015-01-01,2896.66666667
2015-01-02,2896.66666667
2015-01-03,2897.5308642
2015-01-04,2893.33333333
2015-01-05,2890.0
2015-01-06,2883.33333333
2015-01-07,2876.66666667
2015-01-08,2870.0
2015-01-09,2860.0
2015-01-10,2850.0
2015-01-11,2840.0
2015-01-12,2830.0
2015-01-13,2820.0
2015-01-14,2806.66666667
2015-01-15,2800.0
2015-01-16,2793.33333333
2015-01-17,2787.5308642
2015-01-18,2780.0
2015-01-19,2774.19753086
2015-01-20,2770.0
2015-01-21,2766.66666667
2015-01-22,2763.33333333
2015-01-23,2760.0
2015-01-24,2756.66666667
2015-01-25,2753.33333333
2015-01-26,2749.13580247
2015-01-27,2743.33333333
2015-01-28,2736.66666667
2015-01-29,2730.0
2015-01-30,2723.33333333
2015-01-31,2716.66666667
2015-02-01,2713.33333333
2015-02-02,2709.13580247
2015-02-03,2705.0
2015-02-04,2701.66666667
2015-02-05,2701.66666667
2015-02-06,2701.66666667
2015-02-07,2701.66666667
2015-02-08,2705.0
2015-02-09,2708.33333333
2015-02-10,2711.66666667
2015-02-11,2711.66666667
2015-02-12,2711.66666667
2015-02-13,2715.0
2015-02-14,2717.4691358
2015-02-15,2718.33333333
2015-02-16,2717.4691358
2015-02-17,2715.0
2015-02-18,2711.66666667
2015-02-19,2708.33333333
2015-02-20,2706.04166667
2015-02-21,2706.04166667
2015-02-22,2708.33333333
2015-02-23,2711.66666667
2015-02-24,2715.0
2015-02-25,2718.33333333
2015-02-26,2721.66666667
2015-02-27,2725.0
2015-02-28,2728.33333333
2015-03-01,2731.66666667
2015-03-02,2735.0
2015-03-03,2735.0
2015-03-04,2735.0
2015-03-05,2733.33333333
2015-03-06,2723.33333333
2015-03-07,2713.33333333
2015-03-08,2703.33333333
2015-03-09,2693.33333333
2015-03-10,2683.33333333
2015-03-11,2670.0
2015-03-12,2656.66666667
2015-03-13,2650.0
2015-03-14,2642.4691358
2015-03-15,2633.33333333
2015-03-16,2624.19753086
2015-03-17,2616.66666667
2015-03-18,2610.0
2015-03-19,2603.33333333
2015-03-20,2596.66666667
2015-03-21,2590.0
2015-03-22,2582.29166667
2015-03-23,2572.29166667
2015-03-24,2553.33333333
2015-03-25,2533.33333333
2015-03-26,2513.33333333
2015-03-27,2493.33333333
2015-03-28,2472.4691358
2015-03-29,2450.0
2015-03-30,2426.66666667
2015-03-31,2403.33333333
2015-04-01,2380.0
2015-04-02,2360.0
2015-04-03,2340.0
2015-04-04,2320.0
2015-04-05,2306.66666667
2015-04-06,2293.33333333
2015-04-07,2280.0
2015-04-08,2266.66666667
2015-04-09,2253.33333333
2015-04-10,2246.66666667
2015-04-11,2240.0
2015-04-12,2230.0
2015-04-13,2220.86419753
2015-04-14,2213.33333333
2015-04-15,2206.66666667
2015-04-16,2200.0
2015-04-17,2193.33333333
2015-04-18,2186.66666667
2015-04-19,2180.0
2015-04-20,2173.33333333
2015-04-21,2166.66666667
2015-04-22,2160.0
2015-04-23,2163.33333333
2015-04-24,2166.66666667
2015-04-25,2170.0
2015-04-26,2173.33333333
2015-04-27,2177.5308642
2015-04-28,2183.33333333
2015-04-29,2190.0
2015-04-30,2196.66666667
2015-05-01,2203.33333333
2015-05-02,2210.0
2015-05-03,2216.66666667
2015-05-04,2223.33333333
2015-05-05,2230.0
2015-05-06,2236.66666667
2015-05-07,2243.33333333
2015-05-08,2250.0
2015-05-09,2256.66666667
2015-05-10,2260.0
2015-05-11,2263.33333333
2015-05-12,2266.66666667
2015-05-13,2270.0
2015-05-14,2273.33333333
2015-05-15,2283.33333333
2015-05-16,2289.01234568
2015-05-17,2286.66666667
2015-05-18,2280.0
2015-05-19,2273.33333333
2015-05-20,2266.66666667
2015-05-21,2260.0
2015-05-22,2270.0
2015-05-23,2276.66666667
2015-05-24,2283.33333333
2015-05-25,2290.0
2015-05-26,2296.66666667
2015-05-27,2320.0
2015-05-28,2336.66666667
2015-05-29,2353.33333333
2015-05-30,2371.72839506
2015-05-31,2393.33333333
2015-06-01,2416.66666667
2015-06-02,2440.0
2015-06-03,2463.33333333
2015-06-04,2486.66666667
2015-06-05,2510.0
2015-06-06,2533.33333333
2015-06-07,2556.66666667
2015-06-08,2580.0
2015-06-09,2603.33333333
2015-06-10,2626.66666667
2015-06-11,2636.66666667
2015-06-12,2653.33333333
2015-06-13,2670.0
2015-06-14,2680.0
2015-06-15,2694.32098765
2015-06-16,2716.66666667
2015-06-17,2750.0
2015-06-18,2783.33333333
2015-06-19,2816.66666667
2015-06-20,2850.0
2015-06-21,2866.66666667
2015-06-22,2883.33333333
2015-06-23,2900.0
2015-06-24,2916.66666667
2015-06-25,2933.33333333
2015-06-26,2933.33333333
2015-06-27,2940.0
2015-06-28,2946.66666667
2015-06-29,2951.60493827
2015-06-30,2953.33333333
2015-07-01,2953.33333333
2015-07-02,2953.33333333
2015-07-03,2953.33333333
2015-07-04,2953.33333333
2015-07-05,2953.33333333
2015-07-06,2953.33333333
2015-07-07,2953.33333333
2015-07-08,2953.33333333
2015-07-09,2953.33333333
2015-07-10,2953.33333333
2015-07-11,3000.0
2015-07-12,3040.0
2015-07-13,3080.0
2015-07-14,3120.0
2015-07-15,3160.0
2015-07-16,3200.0
2015-07-17,3233.33333333
2015-07-18,3300.0
2015-07-19,3366.66666667
2015-07-20,3433.33333333
2015-07-21,3500.0
2015-07-22,3600.0
2015-07-23,3700.0
2015-07-24,3800.0
2015-07-25,3900.0
2015-07-26,4000.0
2015-07-27,4100.0
2015-07-28,4166.66666667
2015-07-29,4233.33333333
2015-07-30,4300.0
2015-07-31,4366.66666667
2015-08-01,4441.97530864
2015-08-02,4533.33333333
2015-08-03,4633.33333333
2015-08-04,4733.33333333
2015-08-05,4833.33333333
2015-08-06,4933.33333333
2015-08-07,5100.0
2015-08-08,5200.0
2015-08-09,5300.0
2015-08-10,5366.66666667
2015-08-11,5466.66666667
2015-08-12,5533.33333333
2015-08-13,5633.33333333
2015-08-14,5733.33333333
2015-08-15,5833.33333333
2015-08-16,5933.33333333
2015-08-17,6000.0
2015-08-18,6066.66666667
2015-08-19,6133.33333333
2015-08-20,6200.0
2015-08-21,6233.33333333
2015-08-22,6266.66666667
2015-08-23,6300.0
2015-08-24,6333.33333333
2015-08-25,6333.33333333
2015-08-26,6333.33333333
2015-08-27,6366.66666667
2015-08-28,6400.0
2015-08-29,6433.33333333
2015-08-30,6466.66666667
2015-08-31,6491.35802469
2015-09-01,6500.0
2015-09-02,6500.0
2015-09-03,6436.66666667
2015-09-04,6310.0
2015-09-05,6310.0
2015-09-06,6243.33333333
2015-09-07,6243.33333333
2015-09-08,6243.33333333
2015-09-09,6243.33333333
2015-09-10,6210.0
2015-09-11,6210.0
2015-09-12,6176.66666667
2015-09-13,6143.33333333
2015-09-14,6110.0
2015-09-15,6076.66666667
2015-09-16,6043.33333333
2015-09-17,6010.0
2015-09-18,5976.66666667
2015-09-19,5943.33333333
2015-09-20,5910.0
2015-09-21,5876.66666667
2015-09-22,5843.33333333
2015-09-23,5810.0
2015-09-24,5690.0
2015-09-25,5573.33333333
2015-09-26,5489.30674264
2015-09-27,5460.25641026
2015-09-28,5460.25641026
2015-09-29,5460.25641026
2015-09-30,5460.25641026
2015-10-01,5426.92307692
2015-10-02,5393.58974359
2015-10-03,5423.58974359
2015-10-04,5516.92307692
2015-10-05,5483.58974359
2015-10-06,5450.25641026
2015-10-07,5383.58974359
2015-10-08,5333.58974359
2015-10-09,5300.25641026
2015-10-10,5258.28110161
2015-10-11,5200.25641026
2015-10-12,5133.58974359
2015-10-13,5066.92307692
2015-10-14,5033.58974359
2015-10-15,5000.25641026
2015-10-16,4966.92307692
2015-10-17,4933.58974359
2015-10-18,4810.25641026
2015-10-19,4776.92307692
2015-10-20,4743.58974359
2015-10-21,4710.25641026
2015-10-22,4676.92307692
2015-10-23,4610.25641026
2015-10-24,4663.58974359
2015-10-25,4713.58974359
2015-10-26,4730.94966762
2015-10-27,4693.33333333
2015-10-28,4616.66666667
2015-10-29,4550.0
2015-10-30,4483.33333333
2015-10-31,4483.33333333
2015-11-01,4456.66666667
2015-11-02,4423.33333333
2015-11-03,4390.0
2015-11-04,4356.66666667
2015-11-05,4323.33333333
2015-11-06,4323.33333333
2015-11-07,4306.66666667
2015-11-08,4310.0
2015-11-09,4251.97530864
2015-11-10,4243.33333333
2015-11-11,4280.0
2015-11-12,4246.66666667
2015-11-13,4180.0
2015-11-14,4113.33333333
2015-11-15,4116.66666667
2015-11-16,4050.0
2015-11-17,4073.33333333
2015-11-18,4080.0
2015-11-19,4013.33333333
2015-11-20,4020.0
2015-11-21,3953.33333333
2015-11-22,3993.33333333
2015-11-23,3943.33333333
2015-11-24,3893.33333333
2015-11-25,3843.33333333
2015-11-26,3793.33333333
2015-11-27,3753.33333333
2015-11-28,3703.33333333
2015-11-29,3730.0
2015-11-30,3646.66666667
2015-12-01,3590.0
2015-12-02,3523.33333333
2015-12-03,3456.66666667
2015-12-04,3390.0
2015-12-05,3323.33333333
2015-12-06,3323.33333333
2015-12-07,3256.66666667
2015-12-08,3153.33333333
2015-12-09,3120.0
2015-12-10,3113.33333333
2015-12-11,3070.0
2015-12-12,3096.66666667
2015-12-13,3130.0
2015-12-14,3096.66666667
2015-12-15,2993.33333333
2015-12-16,2960.0
2015-12-17,2926.66666667
2015-12-18,2820.0
2015-12-19,2786.66666667
2015-12-20,2720.0
2015-12-21,2686.66666667
2015-12-22,2580.0
2015-12-23,2563.33333333
2015-12-24,2546.66666667
2015-12-25,2530.0
2015-12-26,2513.33333333
2015-12-27,2550.0
2015-12-28,2533.33333333
2015-12-29,2440.0
2015-12-30,2423.33333333
2015-12-31,2406.66666667
2016-01-01,2406.66666667
2016-01-02,2406.66666667
2016-01-03,2406.66666667
2016-01-04,2406.66666667
2016-01-05,2340.0
2016-01-06,2340.0
2016-01-07,2340.0
2016-01-08,2340.0
2016-01-09,2280.0
2016-01-10,2220.0
2016-01-11,2160.0
2016-01-12,2093.33333333
2016-01-13,2093.33333333
2016-01-14,2093.33333333
2016-01-15,2093.33333333
2016-01-16,2093.33333333
2016-01-17,2093.33333333
2016-01-18,2093.33333333
2016-01-19,2053.33333333
2016-01-20,2053.33333333
2016-01-21,2053.33333333
2016-01-22,2053.33333333
2016-01-23,2053.33333333
2016-01-24,2053.33333333
2016-01-25,2053.33333333
2016-01-26,2000.0
2016-01-27,2000.0
2016-01-28,2000.0
2016-01-29,2000.0
2016-01-30,2000.0
2016-01-31,2000.0
2016-02-01,2000.0
2016-02-02,2000.0
2016-02-03,2000.0
2016-02-04,2000.0
2016-02-05,1991.66666667
2016-02-06,1975.0
2016-02-07,1958.33333333
2016-02-08,1941.66666667
2016-02-09,1925.0
2016-02-10,1910.9375
2016-02-11,1902.60416667
2016-02-12,1900.0
2016-02-13,1900.0
2016-02-14,1900.0
2016-02-15,1900.0
2016-02-16,1883.33333333
2016-02-17,1866.66666667
2016-02-18,1850.0
2016-02-19,1833.33333333
2016-02-20,1816.66666667
2016-02-21,1800.0
2016-02-22,1783.33333333
2016-02-23,1766.66666667
2016-02-24,1750.0
2016-02-25,1733.33333333
2016-02-26,1716.66666667
2016-02-27,1700.0
2016-02-28,1683.33333333
2016-02-29,1666.66666667
2016-03-01,1650.0
2016-03-02,1633.33333333
2016-03-03,1606.66666667
2016-03-04,1580.0
2016-03-05,1553.33333333
2016-03-06,1535.0
2016-03-07,1525.0
2016-03-08,1515.0
2016-03-09,1505.0
2016-03-10,1495.0
2016-03-11,1482.39583333
2016-03-12,1464.0625
2016-03-13,1440.0
2016-03-14,1413.33333333
2016-03-15,1396.66666667
2016-03-16,1380.0
2016-03-17,1380.0
2016-03-18,1380.0
2016-03-19,1380.0
2016-03-20,1380.0
2016-03-21,1380.0
2016-03-22,1380.0
2016-03-23,1370.0
2016-03-24,1360.0
2016-03-25,1350.0
2016-03-26,1340.0
2016-03-27,1330.0
2016-03-28,1320.0
2016-03-29,1310.0
2016-03-30,1300.0
2016-03-31,1292.59259259
2016-04-01,1290.0
2016-04-02,1300.0
2016-04-03,1305.0
2016-04-04,1305.0
2016-04-05,1310.0
2016-04-06,1320.0
2016-04-07,1330.0
2016-04-08,1340.0
2016-04-09,1350.0
2016-04-10,1360.0
2016-04-11,1370.0
2016-04-12,1380.0
2016-04-13,1390.0
2016-04-14,1390.0
2016-04-15,1390.0
2016-04-16,1390.0
2016-04-17,1390.0
2016-04-18,1390.0
2016-04-19,1373.33333333
2016-04-20,1373.33333333
2016-04-21,1373.33333333
2016-04-22,1373.33333333
2016-04-23,1373.33333333
2016-04-24,1373.33333333
2016-04-25,1373.33333333
2016-04-26,1373.33333333
2016-04-27,1373.33333333
2016-04-28,1373.33333333
2016-04-29,1373.33333333
2016-04-30,1370.74074074
2016-05-01,1363.33333333
2016-05-02,1353.33333333
2016-05-03,1348.33333333
2016-05-04,1348.33333333
2016-05-05,1343.33333333
2016-05-06,1343.33333333
2016-05-07,1343.33333333
2016-05-08,1343.33333333
2016-05-09,1343.33333333
2016-05-10,1343.33333333
2016-05-11,1343.33333333
2016-05-12,1343.33333333
2016-05-13,1343.33333333
2016-05-14,1343.33333333
2016-05-15,1343.33333333
2016-05-16,1343.33333333
2016-05-17,1333.33333333
2016-05-18,1323.33333333
2016-05-19,1330.0
2016-05-20,1320.0
2016-05-21,1310.0
2016-05-22,1310.0
2016-05-23,1310.0
2016-05-24,1310.0
2016-05-25,1310.0
2016-05-26,1310.0
2016-05-27,1310.0
2016-05-28,1310.0
2016-05-29,1310.0
2016-05-30,1310.0
2016-05-31,1310.0
2016-06-01,1310.0
2016-06-02,1310.0
2016-06-03,1310.0
2016-06-04,1310.0
2016-06-05,1300.0
2016-06-06,1290.0
2016-06-07,1280.0
2016-06-08,1270.0
2016-06-09,1270.0
2016-06-10,1270.0
2016-06-11,1270.0
2016-06-12,1270.0
2016-06-13,1270.0
2016-06-14,1270.0
2016-06-15,1270.0
2016-06-16,1280.0
2016-06-17,1306.66666667
2016-06-18,1333.33333333
2016-06-19,1360.0
2016-06-20,1386.66666667
2016-06-21,1413.33333333
2016-06-22,1440.0
2016-06-23,1466.66666667
2016-06-24,1493.33333333
2016-06-25,1520.0
2016-06-26,1546.66666667
2016-06-27,1573.33333333
2016-06-28,1600.0
2016-06-29,1626.66666667
2016-06-30,1653.33333333
2016-07-01,1680.0
2016-07-02,1706.66666667
2016-07-03,1733.33333333
2016-07-04,1760.0
2016-07-05,1786.66666667
2016-07-06,1813.33333333
2016-07-07,1840.0
2016-07-08,1866.66666667
2016-07-09,1883.33333333
2016-07-10,1900.0
2016-07-11,1916.66666667
2016-07-12,1933.33333333
2016-07-13,1950.0
2016-07-14,1966.66666667
2016-07-15,1983.33333333
2016-07-16,2000.0
2016-07-17,2000.0
2016-07-18,2000.0
2016-07-19,2000.0
2016-07-20,2000.0
2016-07-21,2000.0
2016-07-22,2000.0
2016-07-23,2000.0
2016-07-24,2000.0
2016-07-25,2000.0
2016-07-26,1986.66666667
2016-07-27,1973.33333333
2016-07-28,1960.0
2016-07-29,1946.66666667
2016-07-30,1933.33333333
2016-07-31,1920.0
2016-08-01,1906.66666667
2016-08-02,1893.33333333
2016-08-03,1880.0
2016-08-04,1863.33333333
2016-08-05,1843.33333333
2016-08-06,1823.33333333
2016-08-07,1803.33333333
2016-08-08,1783.33333333
2016-08-09,1760.0
2016-08-10,1736.66666667
2016-08-11,1713.33333333
2016-08-12,1690.0
2016-08-13,1663.33333333
2016-08-14,1636.66666667
2016-08-15,1610.0
2016-08-16,1583.33333333
2016-08-17,1556.66666667
2016-08-18,1530.0
2016-08-19,1503.33333333
2016-08-20,1476.66666667
2016-08-21,1455.0
2016-08-22,1438.33333333
2016-08-23,1421.66666667
2016-08-24,1405.0
2016-08-25,1401.66666667
2016-08-26,1398.33333333
2016-08-27,1395.0
2016-08-28,1391.66666667
2016-08-29,1388.33333333
2016-08-30,1385.0
2016-08-31,1381.66666667
2016-09-01,1378.33333333
2016-09-02,1375.0
2016-09-03,1375.0
2016-09-04,1378.33333333
2016-09-05,1381.66666667
2016-09-06,1368.33333333
2016-09-07,1355.0
2016-09-08,1345.0
2016-09-09,1341.66666667
2016-09-10,1338.33333333
2016-09-11,1335.0
2016-09-12,1335.0
2016-09-13,1335.0
2016-09-14,1335.0
2016-09-15,1335.0
2016-09-16,1335.0
2016-09-17,1335.0
2016-09-18,1335.0
2016-09-19,1335.0
2016-09-20,1330.0
2016-09-21,1313.33333333
2016-09-22,1296.66666667
2016-09-23,1280.0
2016-09-24,1263.33333333
2016-09-25,1246.66666667
2016-09-26,1230.0
2016-09-27,1215.0617284
2016-09-28,1203.33333333
2016-09-29,1193.33333333
2016-09-30,1183.33333333
2016-10-01,1173.33333333
2016-10-02,1163.33333333
2016-10-03,1153.33333333
2016-10-04,1143.33333333
2016-10-05,1133.33333333
2016-10-06,1140.0
2016-10-07,1146.66666667
2016-10-08,1153.33333333
2016-10-09,1153.33333333
2016-10-10,1153.33333333
2016-10-11,1153.33333333
2016-10-12,1153.33333333
2016-10-13,1153.33333333
2016-10-14,1153.33333333
2016-10-15,1153.33333333
2016-10-16,1153.33333333
2016-10-17,1153.33333333
2016-10-18,1158.33333333
2016-10-19,1168.33333333
2016-10-20,1178.33333333
2016-10-21,1195.0
2016-10-22,1211.66666667
2016-10-23,1228.33333333
2016-10-24,1245.0
2016-10-25,1261.66666667
2016-10-26,1278.33333333
2016-10-27,1293.27160494
2016-10-28,1305.0
2016-10-29,1315.0
2016-10-30,1324.81282552
2016-10-31,1334.09667969
2016-11-01,1342.55859375
2016-11-02,1349.95442708
2016-11-03,1356.08886719
2016-11-04,1360.81542969
2016-11-05,1364.03645833
2016-11-06,1365.703125
2016-11-07,1365.81542969
2016-11-08,1364.42220052
2016-11-09,1361.62109375
2016-11-10,1357.55859375
2016-11-11,1352.43001302
2016-11-12,1346.47949219
2016-11-13,1340.0
2016-11-14,1333.33333333
2016-11-15,1326.66666667
2016-11-16,1326.66666667
2016-11-17,1331.66666667
2016-11-18,1331.66666667
2016-11-19,1321.66666667
2016-11-20,1311.66666667
2016-11-21,1301.66666667
2016-11-22,1291.66666667
2016-11-23,1291.66666667
2016-11-24,1291.66666667
2016-11-25,1291.66666667
2016-11-26,1275.0
2016-11-27,1258.33333333
2016-11-28,1241.66666667
2016-11-29,1225.18717448
2016-11-30,1209.23665365
2016-12-01,1200.77473958
2016-12-02,1193.37890625
2016-12-03,1187.24446615
2016-12-04,1182.51790365
2016-12-05,1179.296875
2016-12-06,1187.63020833
2016-12-07,1187.51790365
2016-12-08,1182.24446615
2016-12-09,1178.37890625
2016-12-10,1175.77473958
2016-12-11,1174.23665365
2016-12-12,1173.52050781
2016-12-13,1173.33333333
2016-12-14,1180.0
2016-12-15,1186.66666667
2016-12-16,1186.66666667
2016-12-17,1176.66666667
2016-12-18,1166.66666667
2016-12-19,1166.66666667
2016-12-20,1166.66666667
2016-12-21,1166.66666667
2016-12-22,1166.66666667
2016-12-23,1156.66666667
2016-12-24,1146.66666667
2016-12-25,1136.66666667
2016-12-26,1143.33333333
2016-12-27,1150.0
2016-12-28,1156.66666667
2016-12-29,1163.33333333
2016-12-30,1170.0
2016-12-31,1170.0
2017-01-01,1170.0
2017-01-02,1170.0
2017-01-03,1170.0
2017-01-04,1170.0
2017-01-05,1160.0
2017-01-06,1160.0
2017-01-07,1160.0
2017-01-08,1160.0
2017-01-09,1160.0
2017-01-10,1163.33333333
2017-01-11,1170.0
2017-01-12,1176.66666667
2017-01-13,1176.66666667
2017-01-14,1176.66666667
2017-01-15,1176.66666667
2017-01-16,1176.66666667
2017-01-17,1176.66666667
2017-01-18,1176.66666667
2017-01-19,1176.66666667
2017-01-20,1176.66666667
2017-01-21,1170.0
2017-01-22,1163.33333333
2017-01-23,1156.66666667
2017-01-24,1150.0
2017-01-25,1143.33333333
2017-01-26,1136.66666667
2017-01-27,1130.0
2017-01-28,1123.33333333
2017-01-29,1116.66666667
2017-01-30,1110.0
2017-01-31,1110.0
2017-02-01,1110.0
2017-02-02,1103.33333333
2017-02-03,1096.66666667
2017-02-04,1090.0
2017-02-05,1083.33333333
2017-02-06,1083.33333333
2017-02-07,1086.66666667
2017-02-08,1093.33333333
2017-02-09,1096.66666667
2017-02-10,1093.33333333
2017-02-11,1086.66666667
2017-02-12,1080.0
2017-02-13,1073.33333333
2017-02-14,1066.66666667
2017-02-15,1060.0
2017-02-16,1053.33333333
2017-02-17,1046.66666667
2017-02-18,1040.0
2017-02-19,1033.33333333
2017-02-20,1033.33333333
2017-02-21,1033.33333333
2017-02-22,1033.33333333
2017-02-23,1033.33333333
2017-02-24,1033.33333333
2017-02-25,1033.33333333
2017-02-26,1033.33333333
2017-02-27,1033.33333333
2017-02-28,1033.33333333
2017-03-01,1033.33333333
2017-03-02,1026.66666667
2017-03-03,1020.0
2017-03-04,1020.0
2017-03-05,1020.0
2017-03-06,1020.0
2017-03-07,1020.0
2017-03-08,1020.0
2017-03-09,1016.66666667
2017-03-10,1010.0
2017-03-11,1003.33333333
2017-03-12,1000.0
2017-03-13,1000.0
2017-03-14,1000.0
2017-03-15,1000.0
2017-03-16,1000.0
2017-03-17,1000.0
2017-03-18,1000.0
2017-03-19,1000.0
2017-03-20,1000.0
2017-03-21,1000.0
2017-03-22,1000.0
2017-03-23,1000.0
2017-03-24,1000.0
2017-03-25,1000.0
2017-03-26,1000.0
2017-03-27,1000.0
2017-03-28,1000.0
2017-03-29,1000.0
2017-03-30,1000.0
2017-03-31,1000.0
2017-04-01,1000.0
2017-04-02,1000.0
2017-04-03,1000.0
2017-04-04,1000.0
2017-04-05,1000.0
2017-04-06,1000.0
2017-04-07,1000.0
2017-04-08,1000.0
2017-04-09,1000.0
2017-04-10,1000.0
2017-04-11,1000.0
2017-04-12,1000.0
2017-04-13,1000.0
2017-04-14,1000.0
2017-04-15,1000.0
2017-04-16,1000.0
2017-04-17,1000.0
2017-04-18,1000.0
2017-04-19,1000.0
2017-04-20,1000.0
2017-04-21,1000.0
2017-04-22,1000.0
2017-04-23,1000.0
2017-04-24,1000.0
2017-04-25,1000.0
2017-04-26,1000.0
2017-04-27,1000.0
2017-04-28,1000.0
2017-04-29,1000.0
2017-04-30,1000.0
2017-05-01,1000.0
2017-05-02,1000.0
2017-05-03,1000.0
2017-05-04,1000.0
2017-05-05,1000.0
2017-05-06,1000.0
2017-05-07,1000.0
2017-05-08,1000.0
2017-05-09,1000.0
2017-05-10,1000.0
2017-05-11,1000.0
2017-05-12,1000.0
2017-05-13,1000.0
2017-05-14,1000.0
2017-05-15,1000.0
2017-05-16,1000.0
2017-05-17,1000.0
2017-05-18,1000.0
2017-05-19,1000.0
2017-05-20,1006.66666667
2017-05-21,1013.33333333
2017-05-22,1020.0
2017-05-23,1026.66666667
2017-05-24,1033.33333333
2017-05-25,1040.0
2017-05-26,1046.66666667
2017-05-27,1053.33333333
2017-05-28,1060.0
2017-05-29,1066.66666667
2017-05-30,1073.33333333
2017-05-31,1080.0
2017-06-01,1086.66666667
2017-06-02,1093.33333333
2017-06-03,1100.0
2017-06-04,1106.66666667
2017-06-05,1113.33333333
2017-06-06,1120.0
2017-06-07,1126.66666667
2017-06-08,1133.33333333
2017-06-09,1140.0
2017-06-10,1146.66666667
2017-06-11,1153.33333333
2017-06-12,1160.0
2017-06-13,1166.66666667
2017-06-14,1173.33333333
2017-06-15,1180.0
2017-06-16,1186.66666667
2017-06-17,1193.33333333
2017-06-18,1200.0
2017-06-19,1200.0
2017-06-20,1200.0
2017-06-21,1200.0
2017-06-22,1200.0
2017-06-23,1200.0
2017-06-24,1200.0
2017-06-25,1200.0
2017-06-26,1200.0
2017-06-27,1200.0
2017-06-28,1200.0
2017-06-29,1200.0
2017-06-30,1200.0
2017-07-01,1200.0
2017-07-02,1200.0
2017-07-03,1200.0
2017-07-04,1200.0
2017-07-05,1200.0
2017-07-06,1200.0
2017-07-07,1200.0
2017-07-08,1200.0
2017-07-09,1200.0
2017-07-10,1200.0
2017-07-11,1200.0
2017-07-12,1200.0
2017-07-13,1200.0
2017-07-14,1226.66666667
2017-07-15,1246.66666667
2017-07-16,1266.66666667
2017-07-17,1286.66666667
2017-07-18,1306.66666667
2017-07-19,1326.66666667
2017-07-20,1370.0
2017-07-21,1430.0
2017-07-22,1490.0
2017-07-23,1550.0
2017-07-24,1610.0
2017-07-25,1670.0
2017-07-26,1730.0
2017-07-27,1790.0
2017-07-28,1850.0
2017-07-29,1910.0
2017-07-30,1970.0
2017-07-31,2030.0
2017-08-01,2090.0
2017-08-02,2150.0
2017-08-03,2210.0
2017-08-04,2270.0
2017-08-05,2330.0
2017-08-06,2390.0
2017-08-07,2450.0
2017-08-08,2510.0
2017-08-09,2570.0
2017-08-10,2630.0
2017-08-11,2690.0
2017-08-12,2750.0
2017-08-13,2783.33333333
2017-08-14,2823.33333333
2017-08-15,2863.33333333
2017-08-16,2920.0
2017-08-17,2976.66666667
2017-08-18,3033.33333333
2017-08-19,3066.66666667
2017-08-20,3083.33333333
2017-08-21,3100.0
2017-08-22,3116.66666667
2017-08-23,3133.33333333
2017-08-24,3150.0
2017-08-25,3166.66666667
2017-08-26,3166.66666667
2017-08-27,3166.66666667
2017-08-28,3166.66666667
2017-08-29,3166.66666667
2017-08-30,3166.66666667
2017-08-31,3133.33333333
2017-09-01,3100.0
2017-09-02,3066.66666667
2017-09-03,3033.33333333
2017-09-04,3000.0
2017-09-05,2966.66666667
2017-09-06,2933.33333333
2017-09-07,2900.0
2017-09-08,2883.33333333
2017-09-09,2850.0
2017-09-10,2816.66666667
2017-09-11,2783.33333333
2017-09-12,2750.0
2017-09-13,2716.66666667
2017-09-14,2683.33333333
2017-09-15,2633.33333333
2017-09-16,2583.33333333
2017-09-17,2533.33333333
2017-09-18,2483.33333333
2017-09-19,2433.33333333
2017-09-20,2383.33333333
2017-09-21,2350.0
2017-09-22,2316.66666667
2017-09-23,2300.0
2017-09-24,2283.33333333
2017-09-25,2283.33333333
2017-09-26,2283.33333333
2017-09-27,2283.33333333
2017-09-28,2283.33333333
2017-09-29,2316.66666667
2017-09-30,2383.33333333
2017-10-01,2450.0
2017-10-02,2516.66666667
2017-10-03,2583.33333333
2017-10-04,2650.0
2017-10-05,2716.66666667
2017-10-06,2783.33333333
2017-10-07,2850.0
2017-10-08,2900.0
2017-10-09,2966.66666667
2017-10-10,3033.33333333
2017-10-11,3100.0
2017-10-12,3166.66666667
2017-10-13,3233.33333333
2017-10-14,3300.0
2017-10-15,3366.66666667
2017-10-16,3433.33333333
2017-10-17,3500.0
2017-10-18,3566.66666667
2017-10-19,3633.33333333
2017-10-20,3700.0
2017-10-21,3750.0
2017-10-22,3800.0
2017-10-23,3833.33333333
2017-10-24,3900.0
2017-10-25,3966.66666667
2017-10-26,4033.33333333
2017-10-27,4100.0
2017-10-28,4166.66666667
2017-10-29,4200.0
2017-10-30,4233.33333333
2017-10-31,4266.66666667
2017-11-01,4300.0
2017-11-02,4333.33333333
2017-11-03,4366.66666667
2017-11-04,4400.0
2017-11-05,4433.33333333
2017-11-06,4466.66666667
2017-11-07,4500.0
2017-11-08,4533.33333333
2017-11-09,4566.66666667
2017-11-10,4600.0
2017-11-11,4633.33333333
2017-11-12,4666.66666667
2017-11-13,4700.0
2017-11-14,4733.33333333
2017-11-15,4766.66666667
2017-11-16,4800.0
2017-11-17,
2017-11-18,
2017-11-19,
2017-11-20,
2017-11-21,
2017-11-22,
2017-11-23,
2017-11-24,
2017-11-25,
2017-11-26,
2017-11-27,
2017-11-28,
2017-11-29,
2017-11-30,
