2006-01-01,726
2006-01-02,726
2006-01-03,726
2006-01-04,726
2006-01-05,726
2006-01-06,726
2006-01-07,726
2006-01-08,726
2006-01-09,726
2006-01-10,726
2006-01-11,726
2006-01-12,726
2006-01-13,726
2006-01-14,726
2006-01-15,726
2006-01-16,726.666666667
2006-01-17,716.666666667
2006-01-18,706.666666667
2006-01-19,696.666666667
2006-01-20,686.666666667
2006-01-21,683.333333333
2006-01-22,680.0
2006-01-23,676.666666667
2006-01-24,670.0
2006-01-25,663.333333333
2006-01-26,656.666666667
2006-01-27,650.0
2006-01-28,643.333333333
2006-01-29,636.666666667
2006-01-30,630.0
2006-01-31,623.333333333
2006-02-01,616.666666667
2006-02-02,610.0
2006-02-03,603.333333333
2006-02-04,596.666666667
2006-02-05,590.0
2006-02-06,583.333333333
2006-02-07,576.666666667
2006-02-08,570.0
2006-02-09,563.333333333
2006-02-10,556.666666667
2006-02-11,550.0
2006-02-12,543.333333333
2006-02-13,536.666666667
2006-02-14,536.666666667
2006-02-15,536.666666667
2006-02-16,540.0
2006-02-17,543.333333333
2006-02-18,546.666666667
2006-02-19,550.0
2006-02-20,553.333333333
2006-02-21,556.666666667
2006-02-22,560.0
2006-02-23,566.666666667
2006-02-24,573.333333333
2006-02-25,579.135802469
2006-02-26,583.333333333
2006-02-27,586.666666667
2006-02-28,590.0
2006-03-01,593.333333333
2006-03-02,596.666666667
2006-03-03,596.666666667
2006-03-04,596.666666667
2006-03-05,596.666666667
2006-03-06,596.666666667
2006-03-07,596.666666667
2006-03-08,596.666666667
2006-03-09,596.666666667
2006-03-10,596.666666667
2006-03-11,596.666666667
2006-03-12,596.666666667
2006-03-13,596.666666667
2006-03-14,596.666666667
2006-03-15,596.666666667
2006-03-16,590.0
2006-03-17,583.333333333
2006-03-18,576.666666667
2006-03-19,570.0
2006-03-20,563.333333333
2006-03-21,556.666666667
2006-03-22,550.0
2006-03-23,543.333333333
2006-03-24,536.666666667
2006-03-25,530.0
2006-03-26,523.333333333
2006-03-27,517.530864198
2006-03-28,513.333333333
2006-03-29,510.0
2006-03-30,506.666666667
2006-03-31,503.333333333
2006-04-01,500.0
2006-04-02,500.0
2006-04-03,500.0
2006-04-04,500.0
2006-04-05,500.0
2006-04-06,500.0
2006-04-07,500.0
2006-04-08,500.0
2006-04-09,500.0
2006-04-10,500.0
2006-04-11,500.0
2006-04-12,500.0
2006-04-13,500.0
2006-04-14,500.0
2006-04-15,500.0
2006-04-16,500.0
2006-04-17,500.0
2006-04-18,500.0
2006-04-19,500.0
2006-04-20,500.0
2006-04-21,500.0
2006-04-22,500.0
2006-04-23,500.0
2006-04-24,500.0
2006-04-25,500.0
2006-04-26,500.0
2006-04-27,500.0
2006-04-28,500.0
2006-04-29,500.0
2006-04-30,500.0
2006-05-01,500.0
2006-05-02,500.0
2006-05-03,500.0
2006-05-04,500.0
2006-05-05,500.0
2006-05-06,500.0
2006-05-07,500.0
2006-05-08,500.0
2006-05-09,500.0
2006-05-10,500.0
2006-05-11,500.0
2006-05-12,500.0
2006-05-13,500.0
2006-05-14,500.0
2006-05-15,500.0
2006-05-16,500.0
2006-05-17,500.0
2006-05-18,500.0
2006-05-19,500.0
2006-05-20,500.0
2006-05-21,500.0
2006-05-22,500.0
2006-05-23,500.0
2006-05-24,500.0
2006-05-25,500.0
2006-05-26,500.0
2006-05-27,500.0
2006-05-28,500.0
2006-05-29,500.0
2006-05-30,503.333333333
2006-05-31,506.666666667
2006-06-01,510.0
2006-06-02,513.333333333
2006-06-03,516.666666667
2006-06-04,520.0
2006-06-05,523.333333333
2006-06-06,526.666666667
2006-06-07,530.0
2006-06-08,533.333333333
2006-06-09,536.666666667
2006-06-10,540.0
2006-06-11,543.333333333
2006-06-12,546.666666667
2006-06-13,550.0
2006-06-14,553.333333333
2006-06-15,556.666666667
2006-06-16,560.0
2006-06-17,563.333333333
2006-06-18,566.666666667
2006-06-19,570.0
2006-06-20,573.333333333
2006-06-21,573.333333333
2006-06-22,573.333333333
2006-06-23,573.333333333
2006-06-24,573.333333333
2006-06-25,573.333333333
2006-06-26,573.333333333
2006-06-27,573.333333333
2006-06-28,573.333333333
2006-06-29,573.333333333
2006-06-30,570.0
2006-07-01,566.666666667
2006-07-02,563.333333333
2006-07-03,560.0
2006-07-04,556.666666667
2006-07-05,553.333333333
2006-07-06,553.333333333
2006-07-07,550.0
2006-07-08,546.666666667
2006-07-09,543.333333333
2006-07-10,540.0
2006-07-11,536.666666667
2006-07-12,536.666666667
2006-07-13,540.0
2006-07-14,543.333333333
2006-07-15,546.666666667
2006-07-16,550.0
2006-07-17,553.333333333
2006-07-18,556.666666667
2006-07-19,560.0
2006-07-20,563.333333333
2006-07-21,570.0
2006-07-22,576.666666667
2006-07-23,583.333333333
2006-07-24,590.0
2006-07-25,596.666666667
2006-07-26,603.333333333
2006-07-27,610.0
2006-07-28,616.666666667
2006-07-29,620.0
2006-07-30,626.666666667
2006-07-31,633.333333333
2006-08-01,640.0
2006-08-02,646.666666667
2006-08-03,653.333333333
2006-08-04,660.0
2006-08-05,663.333333333
2006-08-06,670.0
2006-08-07,676.666666667
2006-08-08,683.333333333
2006-08-09,690.0
2006-08-10,696.666666667
2006-08-11,700.0
2006-08-12,700.0
2006-08-13,700.0
2006-08-14,700.0
2006-08-15,700.0
2006-08-16,700.0
2006-08-17,700.0
2006-08-18,700.0
2006-08-19,700.0
2006-08-20,700.0
2006-08-21,700.0
2006-08-22,700.0
2006-08-23,700.0
2006-08-24,700.0
2006-08-25,700.0
2006-08-26,700.0
2006-08-27,700.0
2006-08-28,700.0
2006-08-29,700.0
2006-08-30,700.0
2006-08-31,700.0
2006-09-01,700.0
2006-09-02,700.0
2006-09-03,700.0
2006-09-04,700.0
2006-09-05,700.0
2006-09-06,700.0
2006-09-07,710.0
2006-09-08,720.0
2006-09-09,730.0
2006-09-10,740.0
2006-09-11,750.0
2006-09-12,760.0
2006-09-13,763.333333333
2006-09-14,766.666666667
2006-09-15,770.0
2006-09-16,774.375
2006-09-17,781.041666667
2006-09-18,790.0
2006-09-19,800.0
2006-09-20,810.0
2006-09-21,820.0
2006-09-22,830.0
2006-09-23,840.0
2006-09-24,850.0
2006-09-25,860.0
2006-09-26,870.0
2006-09-27,880.0
2006-09-28,886.666666667
2006-09-29,893.333333333
2006-09-30,900.0
2006-10-01,906.666666667
2006-10-02,913.333333333
2006-10-03,916.666666667
2006-10-04,920.0
2006-10-05,923.333333333
2006-10-06,926.666666667
2006-10-07,920.0
2006-10-08,913.333333333
2006-10-09,906.666666667
2006-10-10,900.0
2006-10-11,893.333333333
2006-10-12,886.666666667
2006-10-13,886.666666667
2006-10-14,886.666666667
2006-10-15,886.666666667
2006-10-16,885.625
2006-10-17,882.291666667
2006-10-18,880.0
2006-10-19,876.666666667
2006-10-20,870.0
2006-10-21,863.333333333
2006-10-22,856.666666667
2006-10-23,850.0
2006-10-24,850.0
2006-10-25,850.0
2006-10-26,850.0
2006-10-27,850.0
2006-10-28,850.740740741
2006-10-29,846.666666667
2006-10-30,840.0
2006-10-31,833.333333333
2006-11-01,826.666666667
2006-11-02,823.333333333
2006-11-03,820.0
2006-11-04,816.666666667
2006-11-05,813.333333333
2006-11-06,810.0
2006-11-07,806.666666667
2006-11-08,803.333333333
2006-11-09,800.0
2006-11-10,796.666666667
2006-11-11,793.333333333
2006-11-12,790.0
2006-11-13,786.666666667
2006-11-14,783.333333333
2006-11-15,780.0
2006-11-16,776.666666667
2006-11-17,770.0
2006-11-18,763.333333333
2006-11-19,760.0
2006-11-20,756.666666667
2006-11-21,753.333333333
2006-11-22,750.0
2006-11-23,740.0
2006-11-24,730.0
2006-11-25,720.0
2006-11-26,710.0
2006-11-27,702.592592593
2006-11-28,700.0
2006-11-29,700.0
2006-11-30,700.0
2006-12-01,700.0
2006-12-02,700.0
2006-12-03,700.0
2006-12-04,700.0
2006-12-05,700.0
2006-12-06,703.333333333
2006-12-07,706.666666667
2006-12-08,710.0
2006-12-09,713.333333333
2006-12-10,716.666666667
2006-12-11,720.0
2006-12-12,723.333333333
2006-12-13,726.666666667
2006-12-14,733.333333333
2006-12-15,740.0
2006-12-16,747.1875
2006-12-17,755.520833333
2006-12-18,765.0
2006-12-19,775.0
2006-12-20,785.0
2006-12-21,795.0
2006-12-22,805.0
2006-12-23,815.0
2006-12-24,825.0
2006-12-25,835.0
2006-12-26,841.666666667
2006-12-27,855.0
2006-12-28,868.333333333
2006-12-29,881.666666667
2006-12-30,895.38371705
2006-12-31,910.225225225
2007-01-01,926.891891892
2007-01-02,950.225225225
2007-01-03,973.558558559
2007-01-04,996.891891892
2007-01-05,1016.89189189
2007-01-06,1036.89189189
2007-01-07,1056.89189189
2007-01-08,1076.89189189
2007-01-09,1096.89189189
2007-01-10,1116.89189189
2007-01-11,1136.89189189
2007-01-12,1156.89189189
2007-01-13,1173.55855856
2007-01-14,1190.22522523
2007-01-15,1206.37105856
2007-01-16,1221.37105856
2007-01-17,1235.22522523
2007-01-18,1248.55855856
2007-01-19,1261.89189189
2007-01-20,1275.22522523
2007-01-21,1288.55855856
2007-01-22,1301.89189189
2007-01-23,1315.22522523
2007-01-24,1328.55855856
2007-01-25,1345.22522523
2007-01-26,1365.22522523
2007-01-27,1387.11506378
2007-01-28,1410.0970201
2007-01-29,1433.04663638
2007-01-30,1454.87179487
2007-01-31,1481.53846154
2007-02-01,1501.53846154
2007-02-02,1521.53846154
2007-02-03,1541.53846154
2007-02-04,1561.53846154
2007-02-05,1581.53846154
2007-02-06,1594.87179487
2007-02-07,1608.20512821
2007-02-08,1621.53846154
2007-02-09,1634.87179487
2007-02-10,1648.20512821
2007-02-11,1661.53846154
2007-02-12,1674.87179487
2007-02-13,1688.20512821
2007-02-14,1694.87179487
2007-02-15,1701.53846154
2007-02-16,1708.20512821
2007-02-17,1714.87179487
2007-02-18,1721.53846154
2007-02-19,1728.20512821
2007-02-20,1734.87179487
2007-02-21,1738.20512821
2007-02-22,1738.20512821
2007-02-23,1738.20512821
2007-02-24,1738.20512821
2007-02-25,1728.20512821
2007-02-26,1716.31528965
2007-02-27,1703.33333333
2007-02-28,1690.0
2007-03-01,1670.0
2007-03-02,1650.0
2007-03-03,1630.0
2007-03-04,1610.0
2007-03-05,1590.0
2007-03-06,1570.0
2007-03-07,1550.0
2007-03-08,1536.66666667
2007-03-09,1523.33333333
2007-03-10,1510.0
2007-03-11,1496.66666667
2007-03-12,1483.33333333
2007-03-13,1466.66666667
2007-03-14,1446.66666667
2007-03-15,1426.66666667
2007-03-16,1413.33333333
2007-03-17,1400.0
2007-03-18,1386.66666667
2007-03-19,1373.33333333
2007-03-20,1360.0
2007-03-21,1346.66666667
2007-03-22,1326.66666667
2007-03-23,1310.0
2007-03-24,1296.66666667
2007-03-25,1283.33333333
2007-03-26,1270.0
2007-03-27,1256.66666667
2007-03-28,1243.33333333
2007-03-29,1223.33333333
2007-03-30,1203.33333333
2007-03-31,1190.0
2007-04-01,1170.0
2007-04-02,1150.0
2007-04-03,1130.0
2007-04-04,1110.0
2007-04-05,1090.0
2007-04-06,1070.0
2007-04-07,1050.0
2007-04-08,1030.0
2007-04-09,1010.0
2007-04-10,990.0
2007-04-11,970.0
2007-04-12,953.333333333
2007-04-13,940.0
2007-04-14,926.666666667
2007-04-15,913.333333333
2007-04-16,900.0
2007-04-17,886.666666667
2007-04-18,873.333333333
2007-04-19,860.0
2007-04-20,846.666666667
2007-04-21,841.728395062
2007-04-22,840.0
2007-04-23,840.0
2007-04-24,840.0
2007-04-25,840.0
2007-04-26,840.0
2007-04-27,840.0
2007-04-28,846.666666667
2007-04-29,853.333333333
2007-04-30,860.0
2007-05-01,866.666666667
2007-05-02,873.333333333
2007-05-03,880.0
2007-05-04,886.666666667
2007-05-05,891.604938272
2007-05-06,893.333333333
2007-05-07,893.333333333
2007-05-08,893.333333333
2007-05-09,893.333333333
2007-05-10,893.333333333
2007-05-11,893.333333333
2007-05-12,893.333333333
2007-05-13,893.333333333
2007-05-14,893.333333333
2007-05-15,893.333333333
2007-05-16,893.333333333
2007-05-17,893.333333333
2007-05-18,893.333333333
2007-05-19,893.333333333
2007-05-20,893.333333333
2007-05-21,891.604938272
2007-05-22,886.666666667
2007-05-23,880.0
2007-05-24,873.333333333
2007-05-25,866.666666667
2007-05-26,860.0
2007-05-27,853.333333333
2007-05-28,846.666666667
2007-05-29,840.0
2007-05-30,833.333333333
2007-05-31,826.666666667
2007-06-01,820.0
2007-06-02,813.333333333
2007-06-03,806.666666667
2007-06-04,801.728395062
2007-06-05,803.333333333
2007-06-06,806.666666667
2007-06-07,810.0
2007-06-08,813.333333333
2007-06-09,816.666666667
2007-06-10,820.0
2007-06-11,823.333333333
2007-06-12,826.666666667
2007-06-13,830.0
2007-06-14,843.333333333
2007-06-15,856.666666667
2007-06-16,870.864197531
2007-06-17,886.666666667
2007-06-18,903.333333333
2007-06-19,920.0
2007-06-20,936.666666667
2007-06-21,953.333333333
2007-06-22,970.0
2007-06-23,986.666666667
2007-06-24,1003.33333333
2007-06-25,1020.0
2007-06-26,1036.66666667
2007-06-27,1053.33333333
2007-06-28,1073.33333333
2007-06-29,1093.33333333
2007-06-30,1113.33333333
2007-07-01,1133.33333333
2007-07-02,1153.33333333
2007-07-03,1173.33333333
2007-07-04,1193.33333333
2007-07-05,1210.0
2007-07-06,1226.66666667
2007-07-07,1243.33333333
2007-07-08,1260.0
2007-07-09,1276.66666667
2007-07-10,1293.33333333
2007-07-11,1310.0
2007-07-12,1326.66666667
2007-07-13,1343.33333333
2007-07-14,1349.13580247
2007-07-15,1353.33333333
2007-07-16,1355.80246914
2007-07-17,1356.66666667
2007-07-18,1356.66666667
2007-07-19,1356.66666667
2007-07-20,1356.66666667
2007-07-21,1356.66666667
2007-07-22,1356.66666667
2007-07-23,1356.66666667
2007-07-24,1356.66666667
2007-07-25,1356.66666667
2007-07-26,1356.66666667
2007-07-27,1356.66666667
2007-07-28,1353.33333333
2007-07-29,1350.0
2007-07-30,1346.66666667
2007-07-31,1343.33333333
2007-08-01,1340.0
2007-08-02,1336.66666667
2007-08-03,1333.33333333
2007-08-04,1330.0
2007-08-05,1326.66666667
2007-08-06,1323.33333333
2007-08-07,1320.0
2007-08-08,1316.66666667
2007-08-09,1313.33333333
2007-08-10,1310.0
2007-08-11,1306.66666667
2007-08-12,1303.33333333
2007-08-13,1300.86419753
2007-08-14,1300.0
2007-08-15,1300.0
2007-08-16,1300.0
2007-08-17,1300.0
2007-08-18,1302.59259259
2007-08-19,1310.0
2007-08-20,1320.0
2007-08-21,1330.0
2007-08-22,1340.0
2007-08-23,1350.0
2007-08-24,1360.0
2007-08-25,1373.45679012
2007-08-26,1393.33333333
2007-08-27,1416.66666667
2007-08-28,1440.0
2007-08-29,1463.33333333
2007-08-30,1486.66666667
2007-08-31,1510.0
2007-09-01,1533.33333333
2007-09-02,1556.66666667
2007-09-03,1580.0
2007-09-04,1603.33333333
2007-09-05,1626.66666667
2007-09-06,1650.0
2007-09-07,1673.33333333
2007-09-08,1696.66666667
2007-09-09,1720.0
2007-09-10,1743.33333333
2007-09-11,1766.66666667
2007-09-12,1790.0
2007-09-13,1813.33333333
2007-09-14,1836.66666667
2007-09-15,1860.0
2007-09-16,1883.33333333
2007-09-17,1904.07407407
2007-09-18,1920.0
2007-09-19,1933.33333333
2007-09-20,1946.66666667
2007-09-21,1960.0
2007-09-22,1973.33333333
2007-09-23,1986.66666667
2007-09-24,1996.54320988
2007-09-25,2000.0
2007-09-26,2000.0
2007-09-27,2000.0
2007-09-28,2000.0
2007-09-29,2000.0
2007-09-30,2000.0
2007-10-01,2000.0
2007-10-02,2003.33333333
2007-10-03,2006.66666667
2007-10-04,2010.0
2007-10-05,2013.33333333
2007-10-06,2016.66666667
2007-10-07,2020.0
2007-10-08,2023.33333333
2007-10-09,2026.66666667
2007-10-10,2030.0
2007-10-11,2033.33333333
2007-10-12,2040.0
2007-10-13,2046.66666667
2007-10-14,2053.33333333
2007-10-15,2060.0
2007-10-16,2066.66666667
2007-10-17,2073.33333333
2007-10-18,2080.0
2007-10-19,2086.66666667
2007-10-20,2091.60493827
2007-10-21,2093.33333333
2007-10-22,2093.33333333
2007-10-23,2093.33333333
2007-10-24,2093.33333333
2007-10-25,2093.33333333
2007-10-26,2093.33333333
2007-10-27,2093.33333333
2007-10-28,2093.33333333
2007-10-29,2093.33333333
2007-10-30,2093.33333333
2007-10-31,2093.33333333
2007-11-01,2090.0
2007-11-02,2086.66666667
2007-11-03,2083.33333333
2007-11-04,2080.0
2007-11-05,2076.66666667
2007-11-06,2066.66666667
2007-11-07,2046.66666667
2007-11-08,2026.66666667
2007-11-09,2006.66666667
2007-11-10,1986.66666667
2007-11-11,1963.33333333
2007-11-12,1940.0
2007-11-13,1916.66666667
2007-11-14,1893.33333333
2007-11-15,1870.0
2007-11-16,1843.33333333
2007-11-17,1816.66666667
2007-11-18,1790.0
2007-11-19,1765.0617284
2007-11-20,1743.33333333
2007-11-21,1723.33333333
2007-11-22,1703.33333333
2007-11-23,1673.33333333
2007-11-24,1643.33333333
2007-11-25,1613.33333333
2007-11-26,1583.33333333
2007-11-27,1553.33333333
2007-11-28,1520.0
2007-11-29,1486.66666667
2007-11-30,1453.33333333
2007-12-01,1419.13580247
2007-12-02,1383.33333333
2007-12-03,1346.66666667
2007-12-04,1310.0
2007-12-05,1273.33333333
2007-12-06,1243.33333333
2007-12-07,1223.33333333
2007-12-08,1203.33333333
2007-12-09,1183.33333333
2007-12-10,1163.33333333
2007-12-11,1143.33333333
2007-12-12,1123.33333333
2007-12-13,1103.33333333
2007-12-14,1083.33333333
2007-12-15,1063.33333333
2007-12-16,1046.66666667
2007-12-17,1030.0
2007-12-18,1013.33333333
2007-12-19,996.666666667
2007-12-20,980.0
2007-12-21,963.333333333
2007-12-22,946.666666667
2007-12-23,940.0
2007-12-24,933.333333333
2007-12-25,926.666666667
2007-12-26,920.0
2007-12-27,913.333333333
2007-12-28,910.0
2007-12-29,906.666666667
2007-12-30,903.333333333
2007-12-31,900.864197531
2008-01-01,900.0
2008-01-02,900.0
2008-01-03,900.0
2008-01-04,900.0
2008-01-05,900.0
2008-01-06,900.0
2008-01-07,900.0
2008-01-08,900.0
2008-01-09,900.0
2008-01-10,900.0
2008-01-11,900.0
2008-01-12,900.0
2008-01-13,900.0
2008-01-14,900.0
2008-01-15,900.0
2008-01-16,900.0
2008-01-17,900.0
2008-01-18,900.0
2008-01-19,900.0
2008-01-20,900.0
2008-01-21,900.0
2008-01-22,900.0
2008-01-23,900.0
2008-01-24,900.0
2008-01-25,900.0
2008-01-26,900.0
2008-01-27,900.0
2008-01-28,900.0
2008-01-29,900.0
2008-01-30,900.0
2008-01-31,900.0
2008-02-01,900.0
2008-02-02,900.0
2008-02-03,900.0
2008-02-04,900.0
2008-02-05,900.0
2008-02-06,893.333333333
2008-02-07,886.666666667
2008-02-08,880.0
2008-02-09,873.333333333
2008-02-10,866.666666667
2008-02-11,860.0
2008-02-12,853.333333333
2008-02-13,846.666666667
2008-02-14,840.0
2008-02-15,833.333333333
2008-02-16,826.666666667
2008-02-17,820.0
2008-02-18,813.333333333
2008-02-19,806.666666667
2008-02-20,800.0
2008-02-21,793.333333333
2008-02-22,786.666666667
2008-02-23,780.864197531
2008-02-24,776.666666667
2008-02-25,773.333333333
2008-02-26,770.0
2008-02-27,766.666666667
2008-02-28,763.333333333
2008-02-29,760.0
2008-03-01,756.666666667
2008-03-02,753.333333333
2008-03-03,750.0
2008-03-04,746.666666667
2008-03-05,743.333333333
2008-03-06,740.0
2008-03-07,743.333333333
2008-03-08,746.666666667
2008-03-09,750.0
2008-03-10,753.333333333
2008-03-11,756.666666667
2008-03-12,760.0
2008-03-13,763.333333333
2008-03-14,766.666666667
2008-03-15,770.0
2008-03-16,773.333333333
2008-03-17,776.666666667
2008-03-18,780.0
2008-03-19,783.333333333
2008-03-20,786.666666667
2008-03-21,790.0
2008-03-22,793.333333333
2008-03-23,796.666666667
2008-03-24,799.135802469
2008-03-25,800.0
2008-03-26,800.0
2008-03-27,800.0
2008-03-28,800.0
2008-03-29,800.0
2008-03-30,800.0
2008-03-31,800.0
2008-04-01,800.0
2008-04-02,800.0
2008-04-03,800.0
2008-04-04,800.0
2008-04-05,800.0
2008-04-06,800.0
2008-04-07,800.0
2008-04-08,800.0
2008-04-09,800.0
2008-04-10,800.0
2008-04-11,800.0
2008-04-12,800.0
2008-04-13,800.0
2008-04-14,800.0
2008-04-15,800.0
2008-04-16,800.0
2008-04-17,800.0
2008-04-18,800.0
2008-04-19,800.0
2008-04-20,800.0
2008-04-21,800.0
2008-04-22,800.0
2008-04-23,800.0
2008-04-24,800.0
2008-04-25,800.0
2008-04-26,800.0
2008-04-27,800.0
2008-04-28,800.0
2008-04-29,800.0
2008-04-30,800.0
2008-05-01,800.0
2008-05-02,800.0
2008-05-03,800.0
2008-05-04,800.0
2008-05-05,800.0
2008-05-06,800.0
2008-05-07,800.0
2008-05-08,800.0
2008-05-09,800.0
2008-05-10,800.0
2008-05-11,800.0
2008-05-12,800.0
2008-05-13,800.0
2008-05-14,800.0
2008-05-15,800.0
2008-05-16,800.0
2008-05-17,800.0
2008-05-18,800.0
2008-05-19,800.0
2008-05-20,800.0
2008-05-21,800.0
2008-05-22,800.0
2008-05-23,800.0
2008-05-24,800.0
2008-05-25,800.0
2008-05-26,800.0
2008-05-27,800.0
2008-05-28,800.0
2008-05-29,800.0
2008-05-30,800.0
2008-05-31,800.0
2008-06-01,800.0
2008-06-02,800.0
2008-06-03,800.0
2008-06-04,800.0
2008-06-05,800.0
2008-06-06,800.0
2008-06-07,800.0
2008-06-08,800.0
2008-06-09,800.0
2008-06-10,800.0
2008-06-11,800.0
2008-06-12,800.0
2008-06-13,800.0
2008-06-14,800.0
2008-06-15,800.0
2008-06-16,800.0
2008-06-17,800.0
2008-06-18,800.0
2008-06-19,800.0
2008-06-20,800.0
2008-06-21,800.0
2008-06-22,800.0
2008-06-23,800.0
2008-06-24,800.0
2008-06-25,800.0
2008-06-26,800.0
2008-06-27,800.0
2008-06-28,800.0
2008-06-29,800.0
2008-06-30,800.0
2008-07-01,800.0
2008-07-02,800.0
2008-07-03,806.666666667
2008-07-04,813.333333333
2008-07-05,820.0
2008-07-06,826.666666667
2008-07-07,833.333333333
2008-07-08,840.0
2008-07-09,846.666666667
2008-07-10,853.333333333
2008-07-11,853.333333333
2008-07-12,854.253647587
2008-07-13,857.575757576
2008-07-14,864.242424242
2008-07-15,877.575757576
2008-07-16,890.909090909
2008-07-17,904.242424242
2008-07-18,917.575757576
2008-07-19,930.909090909
2008-07-20,944.242424242
2008-07-21,957.575757576
2008-07-22,970.909090909
2008-07-23,984.242424242
2008-07-24,997.575757576
2008-07-25,1010.90909091
2008-07-26,1024.24242424
2008-07-27,1037.57575758
2008-07-28,1050.90909091
2008-07-29,1064.24242424
2008-07-30,1077.57575758
2008-07-31,1090.90909091
2008-08-01,1104.24242424
2008-08-02,1110.90909091
2008-08-03,1117.57575758
2008-08-04,1124.24242424
2008-08-05,1130.90909091
2008-08-06,1137.57575758
2008-08-07,1144.24242424
2008-08-08,1150.90909091
2008-08-09,1157.57575758
2008-08-10,1170.90909091
2008-08-11,1183.32210999
2008-08-12,1193.33333333
2008-08-13,1200.0
2008-08-14,1200.0
2008-08-15,1200.0
2008-08-16,1200.0
2008-08-17,1200.0
2008-08-18,1200.0
2008-08-19,1200.0
2008-08-20,1200.0
2008-08-21,1200.0
2008-08-22,1200.0
2008-08-23,1200.0
2008-08-24,1200.0
2008-08-25,1200.0
2008-08-26,1200.0
2008-08-27,1200.0
2008-08-28,1200.0
2008-08-29,1200.0
2008-08-30,1200.0
2008-08-31,1200.0
2008-09-01,1200.0
2008-09-02,1200.0
2008-09-03,1200.0
2008-09-04,1200.0
2008-09-05,1200.0
2008-09-06,1200.0
2008-09-07,1200.0
2008-09-08,1200.0
2008-09-09,1200.0
2008-09-10,1200.0
2008-09-11,1200.0
2008-09-12,1200.0
2008-09-13,1200.0
2008-09-14,1200.0
2008-09-15,1200.0
2008-09-16,1200.0
2008-09-17,1200.0
2008-09-18,1200.0
2008-09-19,1200.0
2008-09-20,1200.0
2008-09-21,1200.0
2008-09-22,1200.0
2008-09-23,1200.0
2008-09-24,1200.0
2008-09-25,1200.0
2008-09-26,1200.0
2008-09-27,1200.0
2008-09-28,1200.0
2008-09-29,1200.0
2008-09-30,1206.66666667
2008-10-01,1213.33333333
2008-10-02,1220.0
2008-10-03,1226.66666667
2008-10-04,1233.33333333
2008-10-05,1240.0
2008-10-06,1246.66666667
2008-10-07,1253.33333333
2008-10-08,1260.0
2008-10-09,1266.66666667
2008-10-10,1273.33333333
2008-10-11,1280.0
2008-10-12,1286.66666667
2008-10-13,1293.33333333
2008-10-14,1300.0
2008-10-15,1306.66666667
2008-10-16,1313.33333333
2008-10-17,1320.0
2008-10-18,1326.66666667
2008-10-19,1333.33333333
2008-10-20,1340.0
2008-10-21,1346.66666667
2008-10-22,1353.33333333
2008-10-23,1353.33333333
2008-10-24,1353.33333333
2008-10-25,1353.33333333
2008-10-26,1353.33333333
2008-10-27,1353.33333333
2008-10-28,1353.33333333
2008-10-29,1353.33333333
2008-10-30,1346.66666667
2008-10-31,1340.0
2008-11-01,1333.33333333
2008-11-02,1326.66666667
2008-11-03,1320.0
2008-11-04,1313.33333333
2008-11-05,1306.66666667
2008-11-06,1300.0
2008-11-07,1293.33333333
2008-11-08,1286.66666667
2008-11-09,1280.0
2008-11-10,1273.33333333
2008-11-11,1266.66666667
2008-11-12,1263.33333333
2008-11-13,1260.0
2008-11-14,1273.33333333
2008-11-15,1286.66666667
2008-11-16,1300.0
2008-11-17,1313.33333333
2008-11-18,1326.66666667
2008-11-19,1340.0
2008-11-20,1353.33333333
2008-11-21,1366.66666667
2008-11-22,1388.39506173
2008-11-23,1413.33333333
2008-11-24,1440.0
2008-11-25,1466.66666667
2008-11-26,1493.33333333
2008-11-27,1520.0
2008-11-28,1546.66666667
2008-11-29,1573.33333333
2008-11-30,1600.0
2008-12-01,1626.66666667
2008-12-02,1653.33333333
2008-12-03,1680.0
2008-12-04,1706.66666667
2008-12-05,1733.33333333
2008-12-06,1758.27160494
2008-12-07,1780.0
2008-12-08,1800.0
2008-12-09,1820.0
2008-12-10,1840.0
2008-12-11,1860.0
2008-12-12,1876.66666667
2008-12-13,1893.33333333
2008-12-14,1893.33333333
2008-12-15,1893.33333333
2008-12-16,1893.33333333
2008-12-17,1893.33333333
2008-12-18,1893.33333333
2008-12-19,1893.33333333
2008-12-20,1893.33333333
2008-12-21,1893.33333333
2008-12-22,1891.60493827
2008-12-23,1886.66666667
2008-12-24,1880.0
2008-12-25,1873.33333333
2008-12-26,1866.66666667
2008-12-27,1860.0
2008-12-28,1853.33333333
2008-12-29,1846.66666667
2008-12-30,1840.0
2008-12-31,1833.33333333
2009-01-01,1826.66666667
2009-01-02,1820.0
2009-01-03,1813.33333333
2009-01-04,1806.66666667
2009-01-05,1801.72839506
2009-01-06,1800.0
2009-01-07,1800.0
2009-01-08,1800.0
2009-01-09,1800.0
2009-01-10,1801.04166667
2009-01-11,1804.375
2009-01-12,1810.0
2009-01-13,1816.66666667
2009-01-14,1823.33333333
2009-01-15,1830.0
2009-01-16,1836.66666667
2009-01-17,1843.33333333
2009-01-18,1850.0
2009-01-19,1856.66666667
2009-01-20,1856.66666667
2009-01-21,1856.66666667
2009-01-22,1856.66666667
2009-01-23,1856.66666667
2009-01-24,1856.66666667
2009-01-25,1856.66666667
2009-01-26,1856.66666667
2009-01-27,1856.66666667
2009-01-28,1856.66666667
2009-01-29,1856.66666667
2009-01-30,1856.66666667
2009-01-31,1856.66666667
2009-02-01,1856.66666667
2009-02-02,1856.66666667
2009-02-03,1856.66666667
2009-02-04,1856.66666667
2009-02-05,1856.66666667
2009-02-06,1856.66666667
2009-02-07,1856.66666667
2009-02-08,1856.66666667
2009-02-09,1855.625
2009-02-10,1852.29166667
2009-02-11,1846.66666667
2009-02-12,1840.0
2009-02-13,1833.33333333
2009-02-14,1826.66666667
2009-02-15,1820.0
2009-02-16,1813.33333333
2009-02-17,1806.66666667
2009-02-18,1800.0
2009-02-19,1800.0
2009-02-20,1800.0
2009-02-21,1800.0
2009-02-22,1800.0
2009-02-23,1800.0
2009-02-24,1800.0
2009-02-25,1800.0
2009-02-26,1800.0
2009-02-27,1800.0
2009-02-28,1800.0
2009-03-01,1800.0
2009-03-02,1800.0
2009-03-03,1800.0
2009-03-04,1790.0
2009-03-05,1780.0
2009-03-06,1770.0
2009-03-07,1760.0
2009-03-08,1750.0
2009-03-09,1740.0
2009-03-10,1730.0
2009-03-11,1720.0
2009-03-12,1710.0
2009-03-13,1703.33333333
2009-03-14,1696.66666667
2009-03-15,1690.0
2009-03-16,1683.33333333
2009-03-17,1670.0
2009-03-18,1656.66666667
2009-03-19,1643.33333333
2009-03-20,1630.0
2009-03-21,1616.66666667
2009-03-22,1603.33333333
2009-03-23,1590.0
2009-03-24,1576.66666667
2009-03-25,1563.33333333
2009-03-26,1550.0
2009-03-27,1536.66666667
2009-03-28,1523.33333333
2009-03-29,1510.0
2009-03-30,1496.66666667
2009-03-31,1480.0
2009-04-01,1460.0
2009-04-02,1440.0
2009-04-03,1430.0
2009-04-04,1420.0
2009-04-05,1410.0
2009-04-06,1400.0
2009-04-07,1390.0
2009-04-08,1380.0
2009-04-09,1370.0
2009-04-10,1360.0
2009-04-11,1350.0
2009-04-12,1336.66666667
2009-04-13,1323.33333333
2009-04-14,1310.0
2009-04-15,1296.66666667
2009-04-16,1290.0
2009-04-17,1283.33333333
2009-04-18,1276.66666667
2009-04-19,1270.0
2009-04-20,1263.33333333
2009-04-21,1250.0
2009-04-22,1236.66666667
2009-04-23,1223.33333333
2009-04-24,1210.0
2009-04-25,1196.66666667
2009-04-26,1183.33333333
2009-04-27,1170.0
2009-04-28,1156.66666667
2009-04-29,1143.33333333
2009-04-30,1133.33333333
2009-05-01,1126.66666667
2009-05-02,1120.0
2009-05-03,1113.33333333
2009-05-04,1106.66666667
2009-05-05,1100.0
2009-05-06,1093.33333333
2009-05-07,1086.66666667
2009-05-08,1080.0
2009-05-09,1073.33333333
2009-05-10,1066.66666667
2009-05-11,1060.0
2009-05-12,1053.33333333
2009-05-13,1046.66666667
2009-05-14,1040.0
2009-05-15,1033.33333333
2009-05-16,1026.66666667
2009-05-17,1020.0
2009-05-18,1013.33333333
2009-05-19,1006.66666667
2009-05-20,1000.0
2009-05-21,1000.0
2009-05-22,1000.0
2009-05-23,1000.0
2009-05-24,1000.0
2009-05-25,1000.0
2009-05-26,1000.0
2009-05-27,1000.0
2009-05-28,1000.0
2009-05-29,1000.0
2009-05-30,1000.0
2009-05-31,1000.0
2009-06-01,1000.0
2009-06-02,1000.0
2009-06-03,1000.0
2009-06-04,1000.0
2009-06-05,1000.0
2009-06-06,1000.0
2009-06-07,1000.0
2009-06-08,1000.0
2009-06-09,1000.0
2009-06-10,1000.0
2009-06-11,1000.0
2009-06-12,1000.0
2009-06-13,1000.0
2009-06-14,1000.0
2009-06-15,1000.0
2009-06-16,1000.0
2009-06-17,1000.0
2009-06-18,1000.0
2009-06-19,1000.0
2009-06-20,1000.0
2009-06-21,1000.0
2009-06-22,1000.0
2009-06-23,1000.0
2009-06-24,1000.0
2009-06-25,1000.0
2009-06-26,1000.0
2009-06-27,1001.72839506
2009-06-28,1006.66666667
2009-06-29,1013.33333333
2009-06-30,1020.0
2009-07-01,1026.66666667
2009-07-02,1033.33333333
2009-07-03,1046.66666667
2009-07-04,1060.0
2009-07-05,1073.33333333
2009-07-06,1086.66666667
2009-07-07,1100.0
2009-07-08,1113.33333333
2009-07-09,1126.66666667
2009-07-10,1140.0
2009-07-11,1153.33333333
2009-07-12,1166.66666667
2009-07-13,1180.0
2009-07-14,1193.33333333
2009-07-15,1200.0
2009-07-16,1206.66666667
2009-07-17,1213.33333333
2009-07-18,1220.0
2009-07-19,1226.66666667
2009-07-20,1233.33333333
2009-07-21,1240.0
2009-07-22,1246.66666667
2009-07-23,1253.33333333
2009-07-24,1260.0
2009-07-25,1266.66666667
2009-07-26,1273.33333333
2009-07-27,1278.27160494
2009-07-28,1280.0
2009-07-29,1280.0
2009-07-30,1280.0
2009-07-31,1280.0
2009-08-01,1280.0
2009-08-02,1273.33333333
2009-08-03,1266.66666667
2009-08-04,1260.0
2009-08-05,1253.33333333
2009-08-06,1246.66666667
2009-08-07,1240.0
2009-08-08,1233.33333333
2009-08-09,1226.66666667
2009-08-10,1220.0
2009-08-11,1213.33333333
2009-08-12,1206.66666667
2009-08-13,1200.0
2009-08-14,1200.0
2009-08-15,1200.0
2009-08-16,1200.0
2009-08-17,1200.0
2009-08-18,1203.33333333
2009-08-19,1206.66666667
2009-08-20,1206.66666667
2009-08-21,1206.66666667
2009-08-22,1206.66666667
2009-08-23,1206.66666667
2009-08-24,1206.66666667
2009-08-25,1206.66666667
2009-08-26,1206.66666667
2009-08-27,1206.66666667
2009-08-28,1206.66666667
2009-08-29,1206.66666667
2009-08-30,1206.66666667
2009-08-31,1206.66666667
2009-09-01,1206.66666667
2009-09-02,1206.66666667
2009-09-03,1206.66666667
2009-09-04,1206.66666667
2009-09-05,1206.66666667
2009-09-06,1206.66666667
2009-09-07,1206.66666667
2009-09-08,1206.66666667
2009-09-09,1206.66666667
2009-09-10,1206.66666667
2009-09-11,1206.66666667
2009-09-12,1206.66666667
2009-09-13,1206.66666667
2009-09-14,1206.66666667
2009-09-15,1206.66666667
2009-09-16,1206.66666667
2009-09-17,1203.33333333
2009-09-18,1200.0
2009-09-19,1200.0
2009-09-20,1200.0
2009-09-21,1200.0
2009-09-22,1203.33333333
2009-09-23,1206.66666667
2009-09-24,1210.0
2009-09-25,1210.0
2009-09-26,1210.0
2009-09-27,1210.0
2009-09-28,1210.0
2009-09-29,1253.33333333
2009-09-30,1296.66666667
2009-10-01,1340.0
2009-10-02,1383.33333333
2009-10-03,1426.66666667
2009-10-04,1470.0
2009-10-05,1513.33333333
2009-10-06,1556.66666667
2009-10-07,1600.0
2009-10-08,1643.33333333
2009-10-09,1686.66666667
2009-10-10,1730.0
2009-10-11,1773.33333333
2009-10-12,1816.66666667
2009-10-13,1860.0
2009-10-14,1903.33333333
2009-10-15,1946.66666667
2009-10-16,1990.0
2009-10-17,2033.33333333
2009-10-18,2076.66666667
2009-10-19,2120.0
2009-10-20,2163.33333333
2009-10-21,2203.33333333
2009-10-22,2240.0
2009-10-23,2276.66666667
2009-10-24,2313.33333333
2009-10-25,2353.33333333
2009-10-26,2393.33333333
2009-10-27,2420.0
2009-10-28,2446.66666667
2009-10-29,2430.0
2009-10-30,2413.33333333
2009-10-31,2396.66666667
2009-11-01,2380.0
2009-11-02,2363.33333333
2009-11-03,2346.66666667
2009-11-04,2330.0
2009-11-05,2313.33333333
2009-11-06,2296.66666667
2009-11-07,2280.0
2009-11-08,2263.33333333
2009-11-09,2246.66666667
2009-11-10,2230.0
2009-11-11,2213.33333333
2009-11-12,2196.66666667
2009-11-13,2180.0
2009-11-14,2163.33333333
2009-11-15,2146.66666667
2009-11-16,2130.0
2009-11-17,2113.33333333
2009-11-18,2096.66666667
2009-11-19,2080.0
2009-11-20,2066.66666667
2009-11-21,2053.33333333
2009-11-22,2040.0
2009-11-23,2026.66666667
2009-11-24,2013.33333333
2009-11-25,2000.0
2009-11-26,2000.0
2009-11-27,2000.0
2009-11-28,2000.0
2009-11-29,2000.0
2009-11-30,2000.0
2009-12-01,2000.0
2009-12-02,2000.0
2009-12-03,2000.0
2009-12-04,2000.0
2009-12-05,2000.0
2009-12-06,2000.0
2009-12-07,2000.0
2009-12-08,2000.0
2009-12-09,1993.33333333
2009-12-10,1986.66666667
2009-12-11,1980.0
2009-12-12,1973.33333333
2009-12-13,1966.66666667
2009-12-14,1960.0
2009-12-15,1953.33333333
2009-12-16,1946.66666667
2009-12-17,1940.0
2009-12-18,1933.33333333
2009-12-19,1926.66666667
2009-12-20,1920.0
2009-12-21,1913.33333333
2009-12-22,1906.66666667
2009-12-23,1900.0
2009-12-24,1893.33333333
2009-12-25,1886.66666667
2009-12-26,1880.0
2009-12-27,1873.33333333
2009-12-28,1866.66666667
2009-12-29,1866.66666667
2009-12-30,1866.66666667
2009-12-31,1866.66666667
2010-01-01,1866.66666667
2010-01-02,1866.66666667
2010-01-03,1866.66666667
2010-01-04,1866.66666667
2010-01-05,1866.66666667
2010-01-06,1866.66666667
2010-01-07,1866.66666667
2010-01-08,1873.33333333
2010-01-09,1880.0
2010-01-10,1886.66666667
2010-01-11,1893.33333333
2010-01-12,1900.0
2010-01-13,1906.66666667
2010-01-14,1913.33333333
2010-01-15,1920.0
2010-01-16,1926.66666667
2010-01-17,1933.33333333
2010-01-18,1940.0
2010-01-19,1946.66666667
2010-01-20,1953.33333333
2010-01-21,1960.0
2010-01-22,1966.66666667
2010-01-23,1973.33333333
2010-01-24,1980.0
2010-01-25,1986.66666667
2010-01-26,1993.33333333
2010-01-27,2000.0
2010-01-28,2000.0
2010-01-29,2000.0
2010-01-30,2000.0
2010-01-31,2000.0
2010-02-01,2000.0
2010-02-02,2000.0
2010-02-03,2000.0
2010-02-04,2000.0
2010-02-05,2000.0
2010-02-06,2000.0
2010-02-07,2000.0
2010-02-08,2000.0
2010-02-09,2000.0
2010-02-10,2000.0
2010-02-11,2000.0
2010-02-12,2000.0
2010-02-13,2000.0
2010-02-14,2000.0
2010-02-15,2000.0
2010-02-16,2000.0
2010-02-17,1993.33333333
2010-02-18,1980.0
2010-02-19,1966.66666667
2010-02-20,1953.33333333
2010-02-21,1940.0
2010-02-22,1926.66666667
2010-02-23,1913.28474247
2010-02-24,1899.76676385
2010-02-25,1886.03984451
2010-02-26,1872.04567541
2010-02-27,1857.74052478
2010-02-28,1843.0952381
2010-03-01,1828.0952381
2010-03-02,1812.74052478
2010-03-03,1797.04567541
2010-03-04,1781.03984451
2010-03-05,1764.76676385
2010-03-06,1748.28474247
2010-03-07,1731.66666667
2010-03-08,1715.0
2010-03-09,1698.33333333
2010-03-10,1678.33333333
2010-03-11,1655.0
2010-03-12,1631.66666667
2010-03-13,1608.33333333
2010-03-14,1585.0
2010-03-15,1561.66666667
2010-03-16,1538.33333333
2010-03-17,1515.0
2010-03-18,1491.66666667
2010-03-19,1474.75308642
2010-03-20,1463.88888889
2010-03-21,1452.22222222
2010-03-22,1439.75308642
2010-03-23,1426.66666667
2010-03-24,1413.33333333
2010-03-25,1400.04859086
2010-03-26,1386.89990282
2010-03-27,1373.96015549
2010-03-28,1361.28765792
2010-03-29,1348.92614189
2010-03-30,1330.23809524
2010-03-31,1311.9047619
2010-04-01,1293.92614189
2010-04-02,1276.28765792
2010-04-03,1258.96015549
2010-04-04,1241.89990282
2010-04-05,1225.04859086
2010-04-06,1208.33333333
2010-04-07,1191.66666667
2010-04-08,1175.0
2010-04-09,1161.66666667
2010-04-10,1151.66666667
2010-04-11,1141.66666667
2010-04-12,1131.66666667
2010-04-13,1121.66666667
2010-04-14,1111.66666667
2010-04-15,1101.66666667
2010-04-16,1091.66666667
2010-04-17,1081.66666667
2010-04-18,1071.91358025
2010-04-19,1062.77777778
2010-04-20,1054.44444444
2010-04-21,1046.91358025
2010-04-22,1040.0
2010-04-23,1033.33333333
2010-04-24,1026.66666667
2010-04-25,1020.0
2010-04-26,1013.33333333
2010-04-27,1006.66666667
2010-04-28,1000.0
2010-04-29,1000.0
2010-04-30,1000.0
2010-05-01,1000.0
2010-05-02,1000.0
2010-05-03,1000.0
2010-05-04,1000.0
2010-05-05,1000.0
2010-05-06,1000.0
2010-05-07,1000.0
2010-05-08,1000.0
2010-05-09,1000.0
2010-05-10,1000.0
2010-05-11,1000.0
2010-05-12,1000.0
2010-05-13,1000.0
2010-05-14,1000.0
2010-05-15,1000.0
2010-05-16,1000.0
2010-05-17,1000.0
2010-05-18,1000.0
2010-05-19,1000.0
2010-05-20,1000.0
2010-05-21,1000.0
2010-05-22,1000.0
2010-05-23,1000.0
2010-05-24,1000.0
2010-05-25,1000.0
2010-05-26,1000.0
2010-05-27,1000.0
2010-05-28,1000.0
2010-05-29,1000.0
2010-05-30,1000.0
2010-05-31,1000.0
2010-06-01,1000.0
2010-06-02,1000.0
2010-06-03,1000.0
2010-06-04,1000.0
2010-06-05,1000.0
2010-06-06,1000.0
2010-06-07,1000.0
2010-06-08,1000.0
2010-06-09,1000.0
2010-06-10,1000.0
2010-06-11,1000.0
2010-06-12,1000.0
2010-06-13,1000.0
2010-06-14,1000.0
2010-06-15,1000.0
2010-06-16,1000.0
2010-06-17,1000.0
2010-06-18,1000.0
2010-06-19,1000.0
2010-06-20,1000.0
2010-06-21,1000.0
2010-06-22,1000.0
2010-06-23,1000.0
2010-06-24,1000.0
2010-06-25,1000.0
2010-06-26,1000.0
2010-06-27,1000.0
2010-06-28,1000.0
2010-06-29,1006.66666667
2010-06-30,1013.33333333
2010-07-01,1020.0
2010-07-02,1026.66666667
2010-07-03,1033.33333333
2010-07-04,1040.0
2010-07-05,1046.66666667
2010-07-06,1053.33333333
2010-07-07,1060.0
2010-07-08,1066.66666667
2010-07-09,1073.33333333
2010-07-10,1080.0
2010-07-11,1086.66666667
2010-07-12,1093.33333333
2010-07-13,1100.0
2010-07-14,1106.66666667
2010-07-15,1113.33333333
2010-07-16,1120.0
2010-07-17,1126.66666667
2010-07-18,1133.33333333
2010-07-19,1140.0
2010-07-20,1146.66666667
2010-07-21,1153.33333333
2010-07-22,1160.0
2010-07-23,1166.66666667
2010-07-24,1173.33333333
2010-07-25,1180.0
2010-07-26,1186.66666667
2010-07-27,1193.33333333
2010-07-28,1200.0
2010-07-29,1200.0
2010-07-30,1200.0
2010-07-31,1200.0
2010-08-01,1200.0
2010-08-02,1200.0
2010-08-03,1200.0
2010-08-04,1200.0
2010-08-05,1200.0
2010-08-06,1200.0
2010-08-07,1200.0
2010-08-08,1200.0
2010-08-09,1200.0
2010-08-10,1200.0
2010-08-11,1206.66666667
2010-08-12,1213.33333333
2010-08-13,1220.0
2010-08-14,1226.66666667
2010-08-15,1233.33333333
2010-08-16,1240.0
2010-08-17,1246.66666667
2010-08-18,1253.33333333
2010-08-19,1260.0
2010-08-20,1266.66666667
2010-08-21,1273.33333333
2010-08-22,1280.0
2010-08-23,1286.66666667
2010-08-24,1293.33333333
2010-08-25,1300.0
2010-08-26,1306.66666667
2010-08-27,1313.33333333
2010-08-28,1320.86419753
2010-08-29,1330.0
2010-08-30,1340.0
2010-08-31,1350.0
2010-09-01,1360.0
2010-09-02,1370.0
2010-09-03,1380.0
2010-09-04,1390.0
2010-09-05,1400.0
2010-09-06,1410.0
2010-09-07,1436.66666667
2010-09-08,1463.33333333
2010-09-09,1490.0
2010-09-10,1510.0
2010-09-11,1530.0
2010-09-12,1550.0
2010-09-13,1570.0
2010-09-14,1590.0
2010-09-15,1610.0
2010-09-16,1630.0
2010-09-17,1650.0
2010-09-18,1670.0
2010-09-19,1690.0
2010-09-20,1710.0
2010-09-21,1730.0
2010-09-22,1750.0
2010-09-23,1770.0
2010-09-24,1790.0
2010-09-25,1810.0
2010-09-26,1830.0
2010-09-27,1849.13580247
2010-09-28,1866.66666667
2010-09-29,1896.66666667
2010-09-30,1926.66666667
2010-10-01,1956.66666667
2010-10-02,1986.66666667
2010-10-03,2016.66666667
2010-10-04,2046.66666667
2010-10-05,2076.66666667
2010-10-06,2106.66666667
2010-10-07,2120.0
2010-10-08,2133.33333333
2010-10-09,2146.66666667
2010-10-10,2160.0
2010-10-11,2173.33333333
2010-10-12,2186.66666667
2010-10-13,2186.66666667
2010-10-14,2186.66666667
2010-10-15,2186.66666667
2010-10-16,2186.66666667
2010-10-17,2186.66666667
2010-10-18,2186.66666667
2010-10-19,2186.66666667
2010-10-20,2186.66666667
2010-10-21,2186.66666667
2010-10-22,2186.66666667
2010-10-23,2186.66666667
2010-10-24,2186.66666667
2010-10-25,2186.66666667
2010-10-26,2186.66666667
2010-10-27,2186.66666667
2010-10-28,2186.66666667
2010-10-29,2173.33333333
2010-10-30,2160.0
2010-10-31,2146.66666667
2010-11-01,2133.33333333
2010-11-02,2133.33333333
2010-11-03,2133.33333333
2010-11-04,2133.33333333
2010-11-05,2146.66666667
2010-11-06,2160.0
2010-11-07,2173.33333333
2010-11-08,2186.66666667
2010-11-09,2200.0
2010-11-10,2213.33333333
2010-11-11,2226.66666667
2010-11-12,2253.33333333
2010-11-13,2280.0
2010-11-14,2306.66666667
2010-11-15,2333.33333333
2010-11-16,2360.0
2010-11-17,2386.66666667
2010-11-18,2400.0
2010-11-19,2413.33333333
2010-11-20,2426.66666667
2010-11-21,2440.0
2010-11-22,2453.33333333
2010-11-23,2466.66666667
2010-11-24,2480.0
2010-11-25,2493.33333333
2010-11-26,2506.66666667
2010-11-27,2520.0
2010-11-28,2533.33333333
2010-11-29,2546.66666667
2010-11-30,2560.0
2010-12-01,2573.33333333
2010-12-02,2573.33333333
2010-12-03,2586.875
2010-12-04,2630.20833333
2010-12-05,2690.0
2010-12-06,2763.33333333
2010-12-07,2836.66666667
2010-12-08,2910.0
2010-12-09,2983.33333333
2010-12-10,3056.66666667
2010-12-11,3121.35802469
2010-12-12,3170.0
2010-12-13,3210.0
2010-12-14,3250.0
2010-12-15,3290.0
2010-12-16,3330.0
2010-12-17,3353.33333333
2010-12-18,3390.0
2010-12-19,3426.66666667
2010-12-20,3463.33333333
2010-12-21,3516.66666667
2010-12-22,3570.0
2010-12-23,3623.33333333
2010-12-24,3676.66666667
2010-12-25,3730.0
2010-12-26,3783.33333333
2010-12-27,3836.66666667
2010-12-28,3890.0
2010-12-29,3960.0
2010-12-30,4030.0
2010-12-31,4100.0
2011-01-01,4170.0
2011-01-02,4226.45833333
2011-01-03,4253.125
2011-01-04,4250.0
2011-01-05,4233.33333333
2011-01-06,4216.66666667
2011-01-07,4200.0
2011-01-08,4183.33333333
2011-01-09,4166.66666667
2011-01-10,4158.64197531
2011-01-11,4166.66666667
2011-01-12,4175.0
2011-01-13,4175.0
2011-01-14,4175.0
2011-01-15,4175.0
2011-01-16,4191.66666667
2011-01-17,4208.33333333
2011-01-18,4208.33333333
2011-01-19,4158.33333333
2011-01-20,4091.66666667
2011-01-21,4025.0
2011-01-22,3958.33333333
2011-01-23,3891.66666667
2011-01-24,3825.0
2011-01-25,3758.33333333
2011-01-26,3691.66666667
2011-01-27,3625.0
2011-01-28,3541.66666667
2011-01-29,3458.33333333
2011-01-30,3375.0
2011-01-31,3291.66666667
2011-02-01,3208.33333333
2011-02-02,3125.0
2011-02-03,3041.66666667
2011-02-04,2958.33333333
2011-02-05,2875.0
2011-02-06,2791.66666667
2011-02-07,2708.33333333
2011-02-08,2625.0
2011-02-09,2541.66666667
2011-02-10,2458.33333333
2011-02-11,2383.33333333
2011-02-12,2316.66666667
2011-02-13,2250.0
2011-02-14,2183.33333333
2011-02-15,2116.66666667
2011-02-16,2050.0
2011-02-17,2000.0
2011-02-18,2000.0
2011-02-19,2000.0
2011-02-20,2000.0
2011-02-21,2000.0
2011-02-22,1973.33333333
2011-02-23,1946.66666667
2011-02-24,1920.0
2011-02-25,1893.33333333
2011-02-26,1866.66666667
2011-02-27,1840.0
2011-02-28,1813.33333333
2011-03-01,1786.66666667
2011-03-02,1760.0
2011-03-03,1733.33333333
2011-03-04,1706.66666667
2011-03-05,1680.0
2011-03-06,1653.33333333
2011-03-07,1626.66666667
2011-03-08,1600.0
2011-03-09,1573.33333333
2011-03-10,1546.66666667
2011-03-11,1520.0
2011-03-12,1493.33333333
2011-03-13,1466.66666667
2011-03-14,1440.0
2011-03-15,1413.33333333
2011-03-16,1386.66666667
2011-03-17,1360.0
2011-03-18,1333.33333333
2011-03-19,1306.66666667
2011-03-20,1280.0
2011-03-21,1253.33333333
2011-03-22,1226.66666667
2011-03-23,1200.0
2011-03-24,1200.0
2011-03-25,1200.0
2011-03-26,1200.0
2011-03-27,1200.0
2011-03-28,1200.0
2011-03-29,1200.0
2011-03-30,1200.0
2011-03-31,1200.0
2011-04-01,1200.0
2011-04-02,1200.0
2011-04-03,1200.0
2011-04-04,1200.0
2011-04-05,1200.0
2011-04-06,1193.33333333
2011-04-07,1186.66666667
2011-04-08,1180.0
2011-04-09,1173.33333333
2011-04-10,1166.66666667
2011-04-11,1160.0
2011-04-12,1153.33333333
2011-04-13,1146.66666667
2011-04-14,1140.0
2011-04-15,1133.33333333
2011-04-16,1126.66666667
2011-04-17,1120.0
2011-04-18,1113.33333333
2011-04-19,1106.66666667
2011-04-20,1100.0
2011-04-21,1093.33333333
2011-04-22,1086.66666667
2011-04-23,1080.0
2011-04-24,1073.33333333
2011-04-25,1066.66666667
2011-04-26,1060.0
2011-04-27,1053.33333333
2011-04-28,1046.66666667
2011-04-29,1040.0
2011-04-30,1033.33333333
2011-05-01,1026.66666667
2011-05-02,1020.0
2011-05-03,1013.33333333
2011-05-04,1006.66666667
2011-05-05,1000.0
2011-05-06,1000.0
2011-05-07,1000.0
2011-05-08,1000.0
2011-05-09,1000.0
2011-05-10,1000.0
2011-05-11,1000.0
2011-05-12,1000.0
2011-05-13,1000.0
2011-05-14,998.271604938
2011-05-15,993.333333333
2011-05-16,986.666666667
2011-05-17,980.0
2011-05-18,973.333333333
2011-05-19,966.666666667
2011-05-20,966.666666667
2011-05-21,966.666666667
2011-05-22,966.666666667
2011-05-23,966.666666667
2011-05-24,966.666666667
2011-05-25,966.666666667
2011-05-26,966.666666667
2011-05-27,966.666666667
2011-05-28,966.666666667
2011-05-29,966.666666667
2011-05-30,966.666666667
2011-05-31,966.666666667
2011-06-01,966.666666667
2011-06-02,966.666666667
2011-06-03,966.666666667
2011-06-04,966.666666667
2011-06-05,966.666666667
2011-06-06,966.666666667
2011-06-07,966.666666667
2011-06-08,966.666666667
2011-06-09,966.666666667
2011-06-10,966.666666667
2011-06-11,966.666666667
2011-06-12,966.666666667
2011-06-13,968.395061728
2011-06-14,973.333333333
2011-06-15,980.0
2011-06-16,993.333333333
2011-06-17,1006.66666667
2011-06-18,1020.0
2011-06-19,1026.66666667
2011-06-20,1033.33333333
2011-06-21,1050.0
2011-06-22,1066.66666667
2011-06-23,1083.33333333
2011-06-24,1100.0
2011-06-25,1116.66666667
2011-06-26,1133.33333333
2011-06-27,1150.0
2011-06-28,1166.66666667
2011-06-29,1183.33333333
2011-06-30,1200.0
2011-07-01,1216.66666667
2011-07-02,1233.33333333
2011-07-03,1250.0
2011-07-04,1266.66666667
2011-07-05,1283.33333333
2011-07-06,1300.0
2011-07-07,1316.66666667
2011-07-08,1333.33333333
2011-07-09,1350.0
2011-07-10,1366.66666667
2011-07-11,1383.33333333
2011-07-12,1400.0
2011-07-13,1416.66666667
2011-07-14,1433.33333333
2011-07-15,1450.0
2011-07-16,1460.0
2011-07-17,1470.0
2011-07-18,1480.0
2011-07-19,1490.0
2011-07-20,1500.0
2011-07-21,1500.0
2011-07-22,1500.0
2011-07-23,1500.0
2011-07-24,1500.0
2011-07-25,1500.0
2011-07-26,1500.0
2011-07-27,1500.0
2011-07-28,1500.0
2011-07-29,1500.0
2011-07-30,1500.0
2011-07-31,1500.0
2011-08-01,1500.0
2011-08-02,1500.0
2011-08-03,1500.0
2011-08-04,1503.33333333
2011-08-05,1513.33333333
2011-08-06,1523.33333333
2011-08-07,1533.33333333
2011-08-08,1543.33333333
2011-08-09,1553.33333333
2011-08-10,1570.0
2011-08-11,1586.66666667
2011-08-12,1603.33333333
2011-08-13,1620.0
2011-08-14,1636.66666667
2011-08-15,1653.33333333
2011-08-16,1670.0
2011-08-17,1686.66666667
2011-08-18,1703.33333333
2011-08-19,1720.0
2011-08-20,1736.66666667
2011-08-21,1753.33333333
2011-08-22,1770.0
2011-08-23,1786.66666667
2011-08-24,1803.33333333
2011-08-25,1820.0
2011-08-26,1836.66666667
2011-08-27,1853.33333333
2011-08-28,1870.0
2011-08-29,1886.66666667
2011-08-30,1903.33333333
2011-08-31,1920.0
2011-09-01,1936.66666667
2011-09-02,1953.33333333
2011-09-03,1966.66666667
2011-09-04,1973.33333333
2011-09-05,1980.0
2011-09-06,1986.66666667
2011-09-07,1993.33333333
2011-09-08,2000.0
2011-09-09,2000.0
2011-09-10,2000.0
2011-09-11,2000.0
2011-09-12,2000.0
2011-09-13,2000.0
2011-09-14,2000.0
2011-09-15,2000.0
2011-09-16,2000.0
2011-09-17,2000.0
2011-09-18,2000.0
2011-09-19,2000.0
2011-09-20,2000.0
2011-09-21,2000.0
2011-09-22,2000.0
2011-09-23,2000.0
2011-09-24,2000.0
2011-09-25,2000.0
2011-09-26,2000.0
2011-09-27,2000.0
2011-09-28,2000.0
2011-09-29,2000.0
2011-09-30,2000.0
2011-10-01,2000.0
2011-10-02,2000.0
2011-10-03,2000.0
2011-10-04,2000.0
2011-10-05,2000.0
2011-10-06,2000.0
2011-10-07,2000.0
2011-10-08,2000.0
2011-10-09,2000.0
2011-10-10,2000.0
2011-10-11,2000.0
2011-10-12,2000.0
2011-10-13,2000.0
2011-10-14,2000.0
2011-10-15,2000.0
2011-10-16,2000.0
2011-10-17,2000.0
2011-10-18,2000.0
2011-10-19,2000.0
2011-10-20,2000.0
2011-10-21,2000.0
2011-10-22,2000.0
2011-10-23,2000.0
2011-10-24,2000.0
2011-10-25,2000.0
2011-10-26,2000.0
2011-10-27,2000.0
2011-10-28,2000.0
2011-10-29,2000.0
2011-10-30,2000.0
2011-10-31,2000.0
2011-11-01,2000.0
2011-11-02,2000.0
2011-11-03,2000.0
2011-11-04,2000.0
2011-11-05,2000.0
2011-11-06,2000.0
2011-11-07,2000.0
2011-11-08,2000.0
2011-11-09,2000.0
2011-11-10,2000.0
2011-11-11,2000.0
2011-11-12,2000.0
2011-11-13,2000.0
2011-11-14,2000.0
2011-11-15,2000.0
2011-11-16,2000.0
2011-11-17,2000.0
2011-11-18,2000.0
2011-11-19,2000.0
2011-11-20,2000.0
2011-11-21,2000.0
2011-11-22,2000.0
2011-11-23,2000.0
2011-11-24,2000.0
2011-11-25,2000.0
2011-11-26,2000.0
2011-11-27,2000.0
2011-11-28,2000.0
2011-11-29,1986.66666667
2011-11-30,1973.33333333
2011-12-01,1960.0
2011-12-02,1946.66666667
2011-12-03,1933.33333333
2011-12-04,1920.0
2011-12-05,1906.66666667
2011-12-06,1893.33333333
2011-12-07,1880.0
2011-12-08,1866.66666667
2011-12-09,1853.33333333
2011-12-10,1840.0
2011-12-11,1826.66666667
2011-12-12,1813.33333333
2011-12-13,1796.66666667
2011-12-14,1780.0
2011-12-15,1763.33333333
2011-12-16,1746.66666667
2011-12-17,1730.0
2011-12-18,1713.33333333
2011-12-19,1696.66666667
2011-12-20,1680.0
2011-12-21,1663.33333333
2011-12-22,1646.66666667
2011-12-23,1630.0
2011-12-24,1613.33333333
2011-12-25,1596.66666667
2011-12-26,1580.0
2011-12-27,1563.33333333
2011-12-28,1546.66666667
2011-12-29,1543.33333333
2011-12-30,1540.0
2011-12-31,1536.66666667
2012-01-01,1533.33333333
2012-01-02,1530.0
2012-01-03,1526.66666667
2012-01-04,1513.33333333
2012-01-05,1500.0
2012-01-06,1486.66666667
2012-01-07,1473.33333333
2012-01-08,1460.0
2012-01-09,1446.66666667
2012-01-10,1433.33333333
2012-01-11,1420.0
2012-01-12,1410.0
2012-01-13,1400.0
2012-01-14,1390.0
2012-01-15,1380.0
2012-01-16,1370.0
2012-01-17,1360.0
2012-01-18,1350.0
2012-01-19,1340.0
2012-01-20,1330.0
2012-01-21,1320.0
2012-01-22,1310.0
2012-01-23,1300.0
2012-01-24,1290.0
2012-01-25,1280.0
2012-01-26,1270.0
2012-01-27,1260.0
2012-01-28,1250.0
2012-01-29,1240.0
2012-01-30,1230.0
2012-01-31,1220.0
2012-02-01,1210.0
2012-02-02,1200.0
2012-02-03,1200.0
2012-02-04,1200.0
2012-02-05,1200.0
2012-02-06,1200.0
2012-02-07,1200.0
2012-02-08,1200.0
2012-02-09,1193.33333333
2012-02-10,1186.66666667
2012-02-11,1180.0
2012-02-12,1173.33333333
2012-02-13,1166.66666667
2012-02-14,1160.0
2012-02-15,1153.33333333
2012-02-16,1146.66666667
2012-02-17,1140.0
2012-02-18,1133.33333333
2012-02-19,1126.66666667
2012-02-20,1120.0
2012-02-21,1113.33333333
2012-02-22,1106.66666667
2012-02-23,1100.0
2012-02-24,1093.33333333
2012-02-25,1086.66666667
2012-02-26,1080.0
2012-02-27,1073.33333333
2012-02-28,1066.66666667
2012-02-29,1060.0
2012-03-01,1053.33333333
2012-03-02,1046.66666667
2012-03-03,1040.0
2012-03-04,1033.33333333
2012-03-05,1026.66666667
2012-03-06,1020.0
2012-03-07,1013.33333333
2012-03-08,1006.66666667
2012-03-09,1000.0
2012-03-10,1000.0
2012-03-11,1000.0
2012-03-12,1000.0
2012-03-13,1000.0
2012-03-14,1000.0
2012-03-15,1000.0
2012-03-16,1000.0
2012-03-17,1000.0
2012-03-18,1000.0
2012-03-19,1000.0
2012-03-20,1000.0
2012-03-21,1000.0
2012-03-22,1000.0
2012-03-23,1000.0
2012-03-24,1000.0
2012-03-25,1000.0
2012-03-26,1000.0
2012-03-27,1000.0
2012-03-28,1000.0
2012-03-29,1000.0
2012-03-30,1000.0
2012-03-31,1000.0
2012-04-01,1000.0
2012-04-02,1000.0
2012-04-03,1000.0
2012-04-04,1000.0
2012-04-05,1000.0
2012-04-06,1000.0
2012-04-07,1000.0
2012-04-08,1000.0
2012-04-09,1000.0
2012-04-10,1000.0
2012-04-11,1000.0
2012-04-12,1000.0
2012-04-13,1000.0
2012-04-14,1000.0
2012-04-15,1000.0
2012-04-16,1000.0
2012-04-17,1000.0
2012-04-18,1000.0
2012-04-19,1000.0
2012-04-20,1000.0
2012-04-21,1000.0
2012-04-22,1000.0
2012-04-23,1000.0
2012-04-24,1000.0
2012-04-25,1000.0
2012-04-26,1000.0
2012-04-27,1000.0
2012-04-28,1000.0
2012-04-29,1000.0
2012-04-30,1000.0
2012-05-01,1000.0
2012-05-02,1000.0
2012-05-03,1000.0
2012-05-04,1000.0
2012-05-05,1000.0
2012-05-06,1000.0
2012-05-07,1000.0
2012-05-08,1000.0
2012-05-09,1000.0
2012-05-10,1000.0
2012-05-11,1000.0
2012-05-12,1000.0
2012-05-13,1000.0
2012-05-14,1000.0
2012-05-15,1000.0
2012-05-16,1000.0
2012-05-17,1000.0
2012-05-18,1000.0
2012-05-19,1000.0
2012-05-20,1000.0
2012-05-21,1000.0
2012-05-22,1000.0
2012-05-23,1000.0
2012-05-24,1000.0
2012-05-25,1000.0
2012-05-26,1000.0
2012-05-27,1000.0
2012-05-28,1000.0
2012-05-29,1000.0
2012-05-30,1000.0
2012-05-31,1000.0
2012-06-01,1000.0
2012-06-02,1000.0
2012-06-03,1000.0
2012-06-04,1000.0
2012-06-05,1000.0
2012-06-06,1000.0
2012-06-07,1000.0
2012-06-08,1000.0
2012-06-09,1000.0
2012-06-10,1000.0
2012-06-11,1000.0
2012-06-12,1000.0
2012-06-13,1000.0
2012-06-14,1000.0
2012-06-15,1000.0
2012-06-16,1000.0
2012-06-17,1000.0
2012-06-18,1000.0
2012-06-19,1000.0
2012-06-20,1000.0
2012-06-21,1000.0
2012-06-22,1000.0
2012-06-23,1000.0
2012-06-24,1000.0
2012-06-25,1000.0
2012-06-26,1000.0
2012-06-27,1000.0
2012-06-28,1000.0
2012-06-29,1000.0
2012-06-30,1000.0
2012-07-01,1000.0
2012-07-02,1000.0
2012-07-03,1000.0
2012-07-04,1000.0
2012-07-05,1000.0
2012-07-06,1000.0
2012-07-07,1000.0
2012-07-08,1000.0
2012-07-09,1000.0
2012-07-10,1000.0
2012-07-11,1000.0
2012-07-12,1000.0
2012-07-13,1000.0
2012-07-14,1000.0
2012-07-15,1000.0
2012-07-16,1000.0
2012-07-17,1000.0
2012-07-18,1000.0
2012-07-19,1000.0
2012-07-20,1000.0
2012-07-21,1000.0
2012-07-22,1000.0
2012-07-23,1000.0
2012-07-24,1003.33333333
2012-07-25,1006.66666667
2012-07-26,1010.0
2012-07-27,1015.41666667
2012-07-28,1025.41666667
2012-07-29,1040.0
2012-07-30,1056.66666667
2012-07-31,1073.33333333
2012-08-01,1090.0
2012-08-02,1106.66666667
2012-08-03,1123.33333333
2012-08-04,1140.0
2012-08-05,1156.66666667
2012-08-06,1173.33333333
2012-08-07,1190.0
2012-08-08,1206.66666667
2012-08-09,1223.33333333
2012-08-10,1240.0
2012-08-11,1256.66666667
2012-08-12,1273.33333333
2012-08-13,1290.0
2012-08-14,1296.66666667
2012-08-15,1303.33333333
2012-08-16,1310.0
2012-08-17,1316.66666667
2012-08-18,1323.33333333
2012-08-19,1330.0
2012-08-20,1336.66666667
2012-08-21,1343.33333333
2012-08-22,1350.0
2012-08-23,1353.33333333
2012-08-24,1356.66666667
2012-08-25,1360.0
2012-08-26,1361.25
2012-08-27,1357.91666667
2012-08-28,1350.0
2012-08-29,1340.0
2012-08-30,1330.0
2012-08-31,1320.0
2012-09-01,1310.0
2012-09-02,1300.0
2012-09-03,1290.0
2012-09-04,1280.0
2012-09-05,1270.0
2012-09-06,1260.0
2012-09-07,1250.0
2012-09-08,1240.0
2012-09-09,1230.0
2012-09-10,1220.0
2012-09-11,1210.0
2012-09-12,1200.0
2012-09-13,1200.0
2012-09-14,1200.0
2012-09-15,1200.0
2012-09-16,1200.0
2012-09-17,1200.0
2012-09-18,1200.0
2012-09-19,1200.0
2012-09-20,1200.0
2012-09-21,1200.0
2012-09-22,1200.0
2012-09-23,1200.0
2012-09-24,1200.0
2012-09-25,1200.0
2012-09-26,1200.0
2012-09-27,1193.33333333
2012-09-28,1186.66666667
2012-09-29,1180.0
2012-09-30,1173.33333333
2012-10-01,1166.66666667
2012-10-02,1160.0
2012-10-03,1153.33333333
2012-10-04,1153.33333333
2012-10-05,1153.33333333
2012-10-06,1153.33333333
2012-10-07,1153.33333333
2012-10-08,1153.33333333
2012-10-09,1153.33333333
2012-10-10,1153.33333333
2012-10-11,1153.33333333
2012-10-12,1153.33333333
2012-10-13,1153.85416667
2012-10-14,1155.52083333
2012-10-15,1158.33333333
2012-10-16,1161.66666667
2012-10-17,1165.0
2012-10-18,1169.02666667
2012-10-19,1174.70666667
2012-10-20,1182.36
2012-10-21,1191.66666667
2012-10-22,1201.66666667
2012-10-23,1211.66666667
2012-10-24,1221.66666667
2012-10-25,1231.66666667
2012-10-26,1241.66666667
2012-10-27,1258.33333333
2012-10-28,1275.0
2012-10-29,1291.66666667
2012-10-30,1308.33333333
2012-10-31,1325.0
2012-11-01,1341.66666667
2012-11-02,1358.33333333
2012-11-03,1368.33333333
2012-11-04,1378.33333333
2012-11-05,1388.33333333
2012-11-06,1398.33333333
2012-11-07,1408.33333333
2012-11-08,1418.33333333
2012-11-09,1428.33333333
2012-11-10,1438.33333333
2012-11-11,1448.33333333
2012-11-12,1457.8125
2012-11-13,1466.14583333
2012-11-14,1473.33333333
2012-11-15,1480.0
2012-11-16,1486.66666667
2012-11-17,1492.64
2012-11-18,1496.96
2012-11-19,1499.30666667
2012-11-20,1500.0
2012-11-21,1500.0
2012-11-22,1500.0
2012-11-23,1500.0
2012-11-24,1500.0
2012-11-25,1500.0
2012-11-26,1500.0
2012-11-27,1500.0
2012-11-28,1500.0
2012-11-29,1500.0
2012-11-30,1500.0
2012-12-01,1500.0
2012-12-02,1500.0
2012-12-03,1500.0
2012-12-04,1500.0
2012-12-05,1500.0
2012-12-06,1500.0
2012-12-07,1500.0
2012-12-08,1500.0
2012-12-09,1500.0
2012-12-10,1500.0
2012-12-11,1500.0
2012-12-12,1500.0
2012-12-13,1500.0
2012-12-14,1500.0
2012-12-15,1500.0
2012-12-16,1500.0
2012-12-17,1500.0
2012-12-18,1500.0
2012-12-19,1500.0
2012-12-20,1510.0
2012-12-21,1520.0
2012-12-22,1530.0
2012-12-23,1540.0
2012-12-24,1550.0
2012-12-25,1560.0
2012-12-26,1570.0
2012-12-27,1580.0
2012-12-28,1590.0
2012-12-29,1600.0
2012-12-30,1610.0
2012-12-31,1620.0
2013-01-01,1630.0
2013-01-02,1640.0
2013-01-03,1656.66666667
2013-01-04,1673.33333333
2013-01-05,1690.0
2013-01-06,1706.66666667
2013-01-07,1723.33333333
2013-01-08,1740.0
2013-01-09,1756.66666667
2013-01-10,1773.33333333
2013-01-11,1790.0
2013-01-12,1806.66666667
2013-01-13,1823.33333333
2013-01-14,1840.0
2013-01-15,1856.66666667
2013-01-16,1873.33333333
2013-01-17,1890.0
2013-01-18,1906.66666667
2013-01-19,1913.68471035
2013-01-20,1921.79487179
2013-01-21,1931.79487179
2013-01-22,1951.79487179
2013-01-23,1971.79487179
2013-01-24,1991.79487179
2013-01-25,2011.79487179
2013-01-26,2031.79487179
2013-01-27,2051.79487179
2013-01-28,2071.79487179
2013-01-29,2085.12820513
2013-01-30,2098.46153846
2013-01-31,2111.79487179
2013-02-01,2125.12820513
2013-02-02,2131.79487179
2013-02-03,2138.46153846
2013-02-04,2145.12820513
2013-02-05,2151.79487179
2013-02-06,2158.46153846
2013-02-07,2165.12820513
2013-02-08,2171.79487179
2013-02-09,2178.46153846
2013-02-10,2185.12820513
2013-02-11,2191.79487179
2013-02-12,2198.46153846
2013-02-13,2205.12820513
2013-02-14,2211.79487179
2013-02-15,2218.46153846
2013-02-16,2225.12820513
2013-02-17,2231.79487179
2013-02-18,2238.11016144
2013-02-19,2236.66666667
2013-02-20,2233.33333333
2013-02-21,2220.0
2013-02-22,2206.66666667
2013-02-23,2193.33333333
2013-02-24,2180.0
2013-02-25,2166.66666667
2013-02-26,2153.33333333
2013-02-27,2140.0
2013-02-28,2133.33333333
2013-03-01,2126.66666667
2013-03-02,2120.0
2013-03-03,2113.33333333
2013-03-04,2106.66666667
2013-03-05,2100.0
2013-03-06,2093.33333333
2013-03-07,2086.66666667
2013-03-08,2080.0
2013-03-09,2073.33333333
2013-03-10,2066.66666667
2013-03-11,2060.0
2013-03-12,2053.33333333
2013-03-13,2046.66666667
2013-03-14,2040.0
2013-03-15,2033.33333333
2013-03-16,2026.66666667
2013-03-17,2020.0
2013-03-18,2013.33333333
2013-03-19,2006.66666667
2013-03-20,2000.0
2013-03-21,2000.0
2013-03-22,2000.0
2013-03-23,2000.0
2013-03-24,2000.0
2013-03-25,2000.0
2013-03-26,2000.0
2013-03-27,2000.0
2013-03-28,2000.0
2013-03-29,2000.0
2013-03-30,2000.0
2013-03-31,2000.0
2013-04-01,2000.0
2013-04-02,2000.0
2013-04-03,2000.0
2013-04-04,2000.0
2013-04-05,2000.0
2013-04-06,2000.0
2013-04-07,2000.0
2013-04-08,2000.0
2013-04-09,2000.0
2013-04-10,2000.0
2013-04-11,2000.0
2013-04-12,2000.0
2013-04-13,2000.0
2013-04-14,2000.0
2013-04-15,2000.0
2013-04-16,2000.0
2013-04-17,2000.0
2013-04-18,2000.0
2013-04-19,2000.0
2013-04-20,2000.0
2013-04-21,2000.0
2013-04-22,2000.0
2013-04-23,2000.0
2013-04-24,2000.0
2013-04-25,2000.0
2013-04-26,2000.0
2013-04-27,2000.0
2013-04-28,2000.0
2013-04-29,2000.0
2013-04-30,2000.0
2013-05-01,2000.0
2013-05-02,2000.0
2013-05-03,2000.0
2013-05-04,2000.0
2013-05-05,2000.0
2013-05-06,2000.0
2013-05-07,2000.0
2013-05-08,2000.0
2013-05-09,2000.0
2013-05-10,2000.0
2013-05-11,2000.0
2013-05-12,2000.0
2013-05-13,2000.0
2013-05-14,2000.0
2013-05-15,2000.0
2013-05-16,2000.0
2013-05-17,2000.0
2013-05-18,2000.0
2013-05-19,2000.0
2013-05-20,2000.0
2013-05-21,2000.0
2013-05-22,2000.0
2013-05-23,2000.0
2013-05-24,2000.0
2013-05-25,2000.0
2013-05-26,2000.0
2013-05-27,2000.0
2013-05-28,2000.0
2013-05-29,2000.0
2013-05-30,2000.0
2013-05-31,2000.0
2013-06-01,2000.0
2013-06-02,2000.0
2013-06-03,2000.0
2013-06-04,2000.0
2013-06-05,2000.0
2013-06-06,2000.0
2013-06-07,2000.0
2013-06-08,2000.0
2013-06-09,2000.0
2013-06-10,2000.0
2013-06-11,2000.0
2013-06-12,2000.0
2013-06-13,2000.0
2013-06-14,2000.0
2013-06-15,2000.0
2013-06-16,2000.0
2013-06-17,2000.0
2013-06-18,2000.0
2013-06-19,2000.0
2013-06-20,2000.0
2013-06-21,2000.0
2013-06-22,2000.46015713
2013-06-23,2002.12121212
2013-06-24,2005.45454545
2013-06-25,2012.12121212
2013-06-26,2018.78787879
2013-06-27,2025.45454545
2013-06-28,2032.12121212
2013-06-29,2038.78787879
2013-06-30,2045.45454545
2013-07-01,2052.12121212
2013-07-02,2058.78787879
2013-07-03,2065.45454545
2013-07-04,2082.12121212
2013-07-05,2098.78787879
2013-07-06,2115.45454545
2013-07-07,2132.12121212
2013-07-08,2148.78787879
2013-07-09,2182.12121212
2013-07-10,2215.45454545
2013-07-11,2248.78787879
2013-07-12,2282.12121212
2013-07-13,2315.45454545
2013-07-14,2348.78787879
2013-07-15,2382.12121212
2013-07-16,2415.45454545
2013-07-17,2448.78787879
2013-07-18,2482.12121212
2013-07-19,2515.45454545
2013-07-20,2548.78787879
2013-07-21,2582.12121212
2013-07-22,2614.99438833
2013-07-23,2646.66666667
2013-07-24,2676.66666667
2013-07-25,2703.33333333
2013-07-26,2730.69333333
2013-07-27,2759.70666667
2013-07-28,2790.69333333
2013-07-29,2823.33333333
2013-07-30,2856.66666667
2013-07-31,2890.0
2013-08-01,2970.0
2013-08-02,3096.66666667
2013-08-03,3213.33333333
2013-08-04,3330.0
2013-08-05,3446.66666667
2013-08-06,3530.0
2013-08-07,3613.33333333
2013-08-08,3680.0
2013-08-09,3746.66666667
2013-08-10,3817.65432099
2013-08-11,3896.66666667
2013-08-12,3980.0
2013-08-13,4063.33333333
2013-08-14,4146.66666667
2013-08-15,4230.0
2013-08-16,4296.66666667
2013-08-17,4363.33333333
2013-08-18,4430.0
2013-08-19,4496.66666667
2013-08-20,4563.33333333
2013-08-21,4630.0
2013-08-22,4696.66666667
2013-08-23,4763.33333333
2013-08-24,4830.0
2013-08-25,4895.97333333
2013-08-26,4960.29333333
2013-08-27,5022.64
2013-08-28,5083.33333333
2013-08-29,5143.33333333
2013-08-30,5203.33333333
2013-08-31,5229.62962963
2013-09-01,5233.33333333
2013-09-02,5250.0
2013-09-03,5266.66666667
2013-09-04,5283.33333333
2013-09-05,5350.0
2013-09-06,5416.66666667
2013-09-07,5487.65432099
2013-09-08,5566.66666667
2013-09-09,5645.67901235
2013-09-10,5703.7037037
2013-09-11,5733.33333333
2013-09-12,5750.0
2013-09-13,5766.66666667
2013-09-14,5783.33333333
2013-09-15,5816.66666667
2013-09-16,5850.0
2013-09-17,5876.66666667
2013-09-18,5903.33333333
2013-09-19,5930.0
2013-09-20,5956.66666667
2013-09-21,5983.33333333
2013-09-22,6010.0
2013-09-23,6036.66666667
2013-09-24,6043.33333333
2013-09-25,6043.33333333
2013-09-26,6043.33333333
2013-09-27,6043.33333333
2013-09-28,6043.33333333
2013-09-29,6043.33333333
2013-09-30,6030.37037037
2013-10-01,5993.52278311
2013-10-02,5944.38103974
2013-10-03,5896.53814656
2013-10-04,5850.77483321
2013-10-05,5791.35584892
2013-10-06,5736.02996255
2013-10-07,5681.70897489
2013-10-08,5686.02996255
2013-10-09,5686.02996255
2013-10-10,5698.99292551
2013-10-11,5736.02996255
2013-10-12,5786.02996255
2013-10-13,5836.02996255
2013-10-14,5886.02996255
2013-10-15,5886.02996255
2013-10-16,5886.02996255
2013-10-17,5892.69662921
2013-10-18,5866.02996255
2013-10-19,5839.36329588
2013-10-20,5812.69662921
2013-10-21,5786.02996255
2013-10-22,5759.36329588
2013-10-23,5732.69662921
2013-10-24,5726.02996255
2013-10-25,5726.02996255
2013-10-26,5726.02996255
2013-10-27,5726.02996255
2013-10-28,5726.02996255
2013-10-29,5759.36329588
2013-10-30,5826.02996255
2013-10-31,5892.50717944
2013-11-01,5958.31558948
2013-11-02,6022.82514932
2013-11-03,6085.25512934
2013-11-04,6144.67411363
2013-11-05,6200.0
2013-11-06,6183.33333333
2013-11-07,6100.0
2013-11-08,6000.0
2013-11-09,5900.0
2013-11-10,5800.0
2013-11-11,5700.0
2013-11-12,5600.0
2013-11-13,5483.33333333
2013-11-14,5416.66666667
2013-11-15,5350.0
2013-11-16,5283.33333333
2013-11-17,5250.0
2013-11-18,5216.66666667
2013-11-19,5183.33333333
2013-11-20,5150.0
2013-11-21,5116.66666667
2013-11-22,5050.0
2013-11-23,4983.33333333
2013-11-24,4916.66666667
2013-11-25,4850.0
2013-11-26,4783.33333333
2013-11-27,4716.66666667
2013-11-28,4616.66666667
2013-11-29,4483.33333333
2013-11-30,4350.0
2013-12-01,4216.66666667
2013-12-02,4083.33333333
2013-12-03,3940.0
2013-12-04,3790.0
2013-12-05,3640.0
2013-12-06,3556.66666667
2013-12-07,3473.33333333
2013-12-08,3406.66666667
2013-12-09,3340.0
2013-12-10,3273.33333333
2013-12-11,3201.66666667
2013-12-12,3125.0
2013-12-13,3065.0
2013-12-14,3005.0
2013-12-15,2945.0
2013-12-16,2885.0
2013-12-17,2825.0
2013-12-18,2765.0
2013-12-19,2698.33333333
2013-12-20,2631.66666667
2013-12-21,2565.0
2013-12-22,2531.66666667
2013-12-23,2498.33333333
2013-12-24,2465.0
2013-12-25,2431.66666667
2013-12-26,2398.33333333
2013-12-27,2365.0
2013-12-28,2331.66666667
2013-12-29,2298.33333333
2013-12-30,2265.0
2013-12-31,2231.66666667
2014-01-01,2198.33333333
2014-01-02,2175.0
2014-01-03,2158.33333333
2014-01-04,2141.66666667
2014-01-05,2125.0
2014-01-06,2108.33333333
2014-01-07,2091.66666667
2014-01-08,2075.0
2014-01-09,2058.33333333
2014-01-10,2046.66666667
2014-01-11,2040.0
2014-01-12,2033.33333333
2014-01-13,2026.66666667
2014-01-14,2020.0
2014-01-15,2013.33333333
2014-01-16,2006.66666667
2014-01-17,2000.0
2014-01-18,2000.0
2014-01-19,2000.0
2014-01-20,2000.0
2014-01-21,2000.0
2014-01-22,2000.0
2014-01-23,2000.0
2014-01-24,2000.0
2014-01-25,2000.0
2014-01-26,2000.0
2014-01-27,2000.0
2014-01-28,2000.0
2014-01-29,2000.0
2014-01-30,2000.0
2014-01-31,2000.0
2014-02-01,2000.0
2014-02-02,2000.0
2014-02-03,2000.0
2014-02-04,2000.0
2014-02-05,2000.0
2014-02-06,2000.0
2014-02-07,2000.0
2014-02-08,2000.0
2014-02-09,2000.0
2014-02-10,2000.0
2014-02-11,2000.0
2014-02-12,2000.0
2014-02-13,2000.0
2014-02-14,2000.0
2014-02-15,2000.0
2014-02-16,2000.0
2014-02-17,2000.0
2014-02-18,2000.0
2014-02-19,2000.0
2014-02-20,2000.0
2014-02-21,2000.0
2014-02-22,2000.0
2014-02-23,2000.0
2014-02-24,2000.0
2014-02-25,2000.0
2014-02-26,2000.0
2014-02-27,2000.0
2014-02-28,2000.0
2014-03-01,2000.0
2014-03-02,2000.0
2014-03-03,2000.0
2014-03-04,2000.0
2014-03-05,2000.0
2014-03-06,2000.0
2014-03-07,2000.0
2014-03-08,2000.0
2014-03-09,2000.0
2014-03-10,2000.0
2014-03-11,2000.0
2014-03-12,2000.0
2014-03-13,2000.0
2014-03-14,2000.0
2014-03-15,2000.0
2014-03-16,2000.0
2014-03-17,2000.0
2014-03-18,2000.0
2014-03-19,2000.0
2014-03-20,2000.0
2014-03-21,2000.0
2014-03-22,2000.0
2014-03-23,2000.0
2014-03-24,2000.0
2014-03-25,2000.0
2014-03-26,2000.0
2014-03-27,2000.0
2014-03-28,2000.0
2014-03-29,2000.0
2014-03-30,2000.0
2014-03-31,2000.0
2014-04-01,2000.0
2014-04-02,2000.0
2014-04-03,2000.0
2014-04-04,2000.0
2014-04-05,2000.0
2014-04-06,2000.0
2014-04-07,2000.0
2014-04-08,2000.0
2014-04-09,2000.0
2014-04-10,2000.0
2014-04-11,2000.0
2014-04-12,2000.0
2014-04-13,2000.0
2014-04-14,2000.0
2014-04-15,2000.0
2014-04-16,2000.0
2014-04-17,2000.0
2014-04-18,2000.0
2014-04-19,2000.0
2014-04-20,2000.0
2014-04-21,2000.0
2014-04-22,2000.0
2014-04-23,2000.0
2014-04-24,2000.0
2014-04-25,2000.0
2014-04-26,2000.0
2014-04-27,2000.0
2014-04-28,2000.0
2014-04-29,2000.0
2014-04-30,2000.0
2014-05-01,2000.0
2014-05-02,2000.0
2014-05-03,2000.0
2014-05-04,2000.0
2014-05-05,2000.0
2014-05-06,2000.0
2014-05-07,2000.0
2014-05-08,2000.0
2014-05-09,2000.0
2014-05-10,2000.0
2014-05-11,2000.0
2014-05-12,2000.0
2014-05-13,2000.0
2014-05-14,2000.0
2014-05-15,2000.0
2014-05-16,2000.0
2014-05-17,2000.0
2014-05-18,2000.0
2014-05-19,2000.0
2014-05-20,2000.0
2014-05-21,2000.0
2014-05-22,2000.0
2014-05-23,2000.0
2014-05-24,2000.0
2014-05-25,2000.0
2014-05-26,2000.0
2014-05-27,2000.0
2014-05-28,2000.0
2014-05-29,2000.0
2014-05-30,2000.0
2014-05-31,2000.0
2014-06-01,2000.0
2014-06-02,2000.0
2014-06-03,2000.0
2014-06-04,2000.0
2014-06-05,2000.0
2014-06-06,2000.0
2014-06-07,2000.0
2014-06-08,2000.0
2014-06-09,2000.0
2014-06-10,2000.0
2014-06-11,2000.0
2014-06-12,2000.0
2014-06-13,2000.0
2014-06-14,2000.0
2014-06-15,2000.0
2014-06-16,2000.0
2014-06-17,2013.33333333
2014-06-18,2046.66666667
2014-06-19,2080.0
2014-06-20,2113.33333333
2014-06-21,2146.66666667
2014-06-22,2180.0
2014-06-23,2213.33333333
2014-06-24,2246.66666667
2014-06-25,2280.0
2014-06-26,2313.33333333
2014-06-27,2346.66666667
2014-06-28,2380.0
2014-06-29,2413.33333333
2014-06-30,2446.66666667
2014-07-01,2480.0
2014-07-02,2513.33333333
2014-07-03,2546.66666667
2014-07-04,2580.0
2014-07-05,2613.33333333
2014-07-06,2646.66666667
2014-07-07,2680.0
2014-07-08,2713.33333333
2014-07-09,2746.66666667
2014-07-10,2780.0
2014-07-11,2813.33333333
2014-07-12,2846.66666667
2014-07-13,2880.0
2014-07-14,2913.33333333
2014-07-15,2946.66666667
2014-07-16,2980.0
2014-07-17,3000.0
2014-07-18,3000.0
2014-07-19,3000.0
2014-07-20,3000.0
2014-07-21,3000.0
2014-07-22,3000.0
2014-07-23,3000.0
2014-07-24,3000.0
2014-07-25,3000.0
2014-07-26,3000.0
2014-07-27,3000.0
2014-07-28,3000.0
2014-07-29,2983.33333333
2014-07-30,2966.66666667
2014-07-31,2950.0
2014-08-01,2933.33333333
2014-08-02,2916.66666667
2014-08-03,2900.0
2014-08-04,2883.33333333
2014-08-05,2866.66666667
2014-08-06,2850.0
2014-08-07,2833.33333333
2014-08-08,2816.66666667
2014-08-09,2800.0
2014-08-10,2783.33333333
2014-08-11,2766.66666667
2014-08-12,2750.0
2014-08-13,2733.33333333
2014-08-14,2716.66666667
2014-08-15,2700.0
2014-08-16,2683.33333333
2014-08-17,2666.66666667
2014-08-18,2650.0
2014-08-19,2633.33333333
2014-08-20,2616.66666667
2014-08-21,2600.0
2014-08-22,2583.33333333
2014-08-23,2566.66666667
2014-08-24,2550.0
2014-08-25,2533.33333333
2014-08-26,2516.66666667
2014-08-27,2500.0
2014-08-28,2500.0
2014-08-29,2497.39583333
2014-08-30,2489.0625
2014-08-31,2475.0
2014-09-01,2458.33333333
2014-09-02,2441.66666667
2014-09-03,2425.0
2014-09-04,2408.33333333
2014-09-05,2391.66666667
2014-09-06,2375.0
2014-09-07,2358.33333333
2014-09-08,2341.66666667
2014-09-09,2325.0
2014-09-10,2308.33333333
2014-09-11,2291.66666667
2014-09-12,2275.0
2014-09-13,2258.33333333
2014-09-14,2241.66666667
2014-09-15,2225.0
2014-09-16,2208.33333333
2014-09-17,2191.66666667
2014-09-18,2175.0
2014-09-19,2158.33333333
2014-09-20,2141.66666667
2014-09-21,2125.0
2014-09-22,2108.33333333
2014-09-23,2091.66666667
2014-09-24,2075.0
2014-09-25,2058.33333333
2014-09-26,2041.66666667
2014-09-27,2025.0
2014-09-28,2010.9375
2014-09-29,2002.60416667
2014-09-30,2000.0
2014-10-01,2000.0
2014-10-02,2000.0
2014-10-03,2000.0
2014-10-04,2000.0
2014-10-05,2000.0
2014-10-06,2000.0
2014-10-07,2000.0
2014-10-08,2000.0
2014-10-09,2000.0
2014-10-10,2000.0
2014-10-11,2000.0
2014-10-12,2000.0
2014-10-13,2000.0
2014-10-14,2033.33333333
2014-10-15,2066.66666667
2014-10-16,2100.0
2014-10-17,2133.33333333
2014-10-18,2166.66666667
2014-10-19,2200.0
2014-10-20,2233.33333333
2014-10-21,2250.0
2014-10-22,2250.0
2014-10-23,2258.33333333
2014-10-24,2275.0
2014-10-25,2291.66666667
2014-10-26,2308.33333333
2014-10-27,2325.0
2014-10-28,2341.66666667
2014-10-29,2358.33333333
2014-10-30,2375.0
2014-10-31,2391.66666667
2014-11-01,2408.33333333
2014-11-02,2425.0
2014-11-03,2441.66666667
2014-11-04,2458.33333333
2014-11-05,2475.0
2014-11-06,2491.66666667
2014-11-07,2508.33333333
2014-11-08,2525.0
2014-11-09,2541.66666667
2014-11-10,2558.33333333
2014-11-11,2575.0
2014-11-12,2591.66666667
2014-11-13,2575.0
2014-11-14,2558.33333333
2014-11-15,2541.66666667
2014-11-16,2525.0
2014-11-17,2508.33333333
2014-11-18,2491.66666667
2014-11-19,2475.0
2014-11-20,2475.0
2014-11-21,2491.66666667
2014-11-22,2500.0
2014-11-23,2500.0
2014-11-24,2500.0
2014-11-25,2500.0
2014-11-26,2500.0
2014-11-27,2500.0
2014-11-28,2500.0
2014-11-29,2500.0
2014-11-30,2500.0
2014-12-01,2500.0
2014-12-02,2500.0
2014-12-03,2500.0
2014-12-04,2500.0
2014-12-05,2500.0
2014-12-06,2500.0
2014-12-07,2500.0
2014-12-08,2500.0
2014-12-09,2500.0
2014-12-10,2500.0
2014-12-11,2508.33333333
2014-12-12,2525.0
2014-12-13,2541.66666667
2014-12-14,2558.33333333
2014-12-15,2575.0
2014-12-16,2575.0
2014-12-17,2575.0
2014-12-18,2575.0
2014-12-19,2575.0
2014-12-20,2575.0
2014-12-21,2575.0
2014-12-22,2575.0
2014-12-23,2575.0
2014-12-24,2575.0
2014-12-25,2575.0
2014-12-26,2575.0
2014-12-27,2575.0
2014-12-28,2575.0
2014-12-29,2575.0
2014-12-30,2575.0
2014-12-31,2575.0
2015-01-01,2575.0
2015-01-02,2575.0
2015-01-03,2570.67901235
2015-01-04,2558.33333333
2015-01-05,2541.66666667
2015-01-06,2525.0
2015-01-07,2508.33333333
2015-01-08,2491.66666667
2015-01-09,2475.0
2015-01-10,2450.0
2015-01-11,2416.66666667
2015-01-12,2383.33333333
2015-01-13,2350.0
2015-01-14,2316.66666667
2015-01-15,2300.0
2015-01-16,2283.33333333
2015-01-17,2266.66666667
2015-01-18,2250.0
2015-01-19,2233.33333333
2015-01-20,2216.66666667
2015-01-21,2200.0
2015-01-22,2183.33333333
2015-01-23,2166.66666667
2015-01-24,2150.0
2015-01-25,2133.33333333
2015-01-26,2116.66666667
2015-01-27,2100.0
2015-01-28,2076.66666667
2015-01-29,2053.33333333
2015-01-30,2030.0
2015-01-31,2006.66666667
2015-02-01,1983.33333333
2015-02-02,1964.32098765
2015-02-03,1956.66666667
2015-02-04,1956.66666667
2015-02-05,1956.66666667
2015-02-06,1950.0
2015-02-07,1943.33333333
2015-02-08,1936.66666667
2015-02-09,1930.0
2015-02-10,1923.33333333
2015-02-11,1916.66666667
2015-02-12,1910.0
2015-02-13,1910.0
2015-02-14,1910.0
2015-02-15,1910.0
2015-02-16,1910.0
2015-02-17,1910.0
2015-02-18,1910.0
2015-02-19,1910.0
2015-02-20,1910.0
2015-02-21,1910.0
2015-02-22,1910.0
2015-02-23,1910.0
2015-02-24,1910.0
2015-02-25,1910.0
2015-02-26,1910.0
2015-02-27,1916.66666667
2015-02-28,1923.33333333
2015-03-01,1930.0
2015-03-02,1936.66666667
2015-03-03,1943.33333333
2015-03-04,1950.0
2015-03-05,1953.33333333
2015-03-06,1953.33333333
2015-03-07,1953.33333333
2015-03-08,1960.0
2015-03-09,1966.66666667
2015-03-10,1973.33333333
2015-03-11,1980.0
2015-03-12,1986.66666667
2015-03-13,1993.33333333
2015-03-14,2000.0
2015-03-15,2000.0
2015-03-16,2000.0
2015-03-17,2000.0
2015-03-18,2000.0
2015-03-19,2000.0
2015-03-20,2000.0
2015-03-21,2000.0
2015-03-22,2000.0
2015-03-23,2000.0
2015-03-24,2000.0
2015-03-25,2000.0
2015-03-26,2000.0
2015-03-27,2000.0
2015-03-28,2000.0
2015-03-29,2000.0
2015-03-30,2000.0
2015-03-31,2000.0
2015-04-01,2000.0
2015-04-02,2000.0
2015-04-03,2000.0
2015-04-04,2000.0
2015-04-05,2000.0
2015-04-06,2000.0
2015-04-07,2000.0
2015-04-08,2000.0
2015-04-09,2000.0
2015-04-10,2000.0
2015-04-11,2000.0
2015-04-12,2000.0
2015-04-13,2000.0
2015-04-14,2000.0
2015-04-15,2000.0
2015-04-16,2000.0
2015-04-17,2000.0
2015-04-18,2000.0
2015-04-19,2000.0
2015-04-20,2000.0
2015-04-21,2000.0
2015-04-22,2000.0
2015-04-23,2000.0
2015-04-24,2000.0
2015-04-25,2000.0
2015-04-26,2000.0
2015-04-27,2000.0
2015-04-28,2000.0
2015-04-29,2000.0
2015-04-30,2000.0
2015-05-01,2000.0
2015-05-02,2000.0
2015-05-03,2000.0
2015-05-04,2000.0
2015-05-05,2000.0
2015-05-06,2000.0
2015-05-07,2000.0
2015-05-08,2000.0
2015-05-09,2000.0
2015-05-10,2000.0
2015-05-11,2000.0
2015-05-12,2000.0
2015-05-13,2000.0
2015-05-14,2000.0
2015-05-15,2000.0
2015-05-16,2000.0
2015-05-17,2000.0
2015-05-18,2000.0
2015-05-19,2006.66666667
2015-05-20,2013.33333333
2015-05-21,2020.0
2015-05-22,2030.0
2015-05-23,2046.66666667
2015-05-24,2063.33333333
2015-05-25,2080.0
2015-05-26,2096.66666667
2015-05-27,2113.33333333
2015-05-28,2130.0
2015-05-29,2150.0
2015-05-30,2166.66666667
2015-05-31,2183.33333333
2015-06-01,2200.0
2015-06-02,2216.66666667
2015-06-03,2233.33333333
2015-06-04,2250.0
2015-06-05,2266.66666667
2015-06-06,2283.33333333
2015-06-07,2301.66666667
2015-06-08,2321.66666667
2015-06-09,2341.66666667
2015-06-10,2361.66666667
2015-06-11,2381.66666667
2015-06-12,2401.66666667
2015-06-13,2421.66666667
2015-06-14,2441.66666667
2015-06-15,2461.66666667
2015-06-16,2481.66666667
2015-06-17,2501.66666667
2015-06-18,2511.66666667
2015-06-19,2521.66666667
2015-06-20,2531.66666667
2015-06-21,2538.33333333
2015-06-22,2538.33333333
2015-06-23,2538.33333333
2015-06-24,2538.33333333
2015-06-25,2538.33333333
2015-06-26,2538.33333333
2015-06-27,2538.33333333
2015-06-28,2535.0
2015-06-29,2535.0
2015-06-30,2535.0
2015-07-01,2535.0
2015-07-02,2535.0
2015-07-03,2535.0
2015-07-04,2535.0
2015-07-05,2535.0
2015-07-06,2535.0
2015-07-07,2530.0
2015-07-08,2543.33333333
2015-07-09,2583.33333333
2015-07-10,2630.0
2015-07-11,2676.66666667
2015-07-12,2723.33333333
2015-07-13,2770.0
2015-07-14,2816.66666667
2015-07-15,2880.0
2015-07-16,2926.66666667
2015-07-17,2990.0
2015-07-18,3056.66666667
2015-07-19,3118.33333333
2015-07-20,3175.0
2015-07-21,3251.66666667
2015-07-22,3308.33333333
2015-07-23,3358.33333333
2015-07-24,3418.33333333
2015-07-25,3475.0
2015-07-26,3527.5
2015-07-27,3577.5
2015-07-28,3644.16666667
2015-07-29,3700.83333333
2015-07-30,3757.5
2015-07-31,3814.16666667
2015-08-01,3870.83333333
2015-08-02,3927.5
2015-08-03,3984.16666667
2015-08-04,4080.83333333
2015-08-05,4184.16666667
2015-08-06,4304.16666667
2015-08-07,4404.16666667
2015-08-08,4510.83333333
2015-08-09,4622.73809524
2015-08-10,4739.4047619
2015-08-11,4839.4047619
2015-08-12,4939.4047619
2015-08-13,5039.4047619
2015-08-14,5089.4047619
2015-08-15,5172.73809524
2015-08-16,5239.4047619
2015-08-17,5306.07142857
2015-08-18,5361.07142857
2015-08-19,5421.07142857
2015-08-20,5461.07142857
2015-08-21,5521.07142857
2015-08-22,5587.73809524
2015-08-23,5644.4047619
2015-08-24,5704.4047619
2015-08-25,5768.57142857
2015-08-26,5821.9047619
2015-08-27,5871.9047619
2015-08-28,5965.23809524
2015-08-29,6041.9047619
2015-08-30,6107.35347985
2015-08-31,6167.35347985
2015-09-01,6227.35347985
2015-09-02,6304.02014652
2015-09-03,6324.02014652
2015-09-04,6337.35347985
2015-09-05,6337.35347985
2015-09-06,6334.02014652
2015-09-07,6294.02014652
2015-09-08,6248.78205128
2015-09-09,6198.78205128
2015-09-10,6165.44871795
2015-09-11,6132.11538462
2015-09-12,6098.78205128
2015-09-13,6098.78205128
2015-09-14,6082.11538462
2015-09-15,6065.44871795
2015-09-16,6042.11538462
2015-09-17,6042.11538462
2015-09-18,6045.6025641
2015-09-19,6052.26923077
2015-09-20,6064.93589744
2015-09-21,6081.6025641
2015-09-22,6081.6025641
2015-09-23,6081.6025641
2015-09-24,6081.6025641
2015-09-25,6094.93589744
2015-09-26,6094.93589744
2015-09-27,6061.6025641
2015-09-28,6044.93589744
2015-09-29,6039.48717949
2015-09-30,6022.82051282
2015-10-01,5996.15384615
2015-10-02,5946.15384615
2015-10-03,5896.15384615
2015-10-04,5846.15384615
2015-10-05,5796.15384615
2015-10-06,5739.48717949
2015-10-07,5696.15384615
2015-10-08,5641.94331984
2015-10-09,5581.94331984
2015-10-10,5518.811416
2015-10-11,5453.17139001
2015-10-12,5386.50472335
2015-10-13,5319.83805668
2015-10-14,5253.17139001
2015-10-15,5203.17139001
2015-10-16,5159.83805668
2015-10-17,5109.83805668
2015-10-18,5061.35087719
2015-10-19,5014.68421053
2015-10-20,4942.01754386
2015-10-21,4885.35087719
2015-10-22,4845.35087719
2015-10-23,4795.35087719
2015-10-24,4735.35087719
2015-10-25,4670.69401445
2015-10-26,4604.02734778
2015-10-27,4537.36068111
2015-10-28,4470.69401445
2015-10-29,4404.02734778
2015-10-30,4354.02734778
2015-10-31,4300.69401445
2015-11-01,4252.32573237
2015-11-02,4218.99239904
2015-11-03,4175.65906571
2015-11-04,4125.65906571
2015-11-05,4085.65906571
2015-11-06,4042.32573237
2015-11-07,4013.20292536
2015-11-08,3989.86959202
2015-11-09,3969.66816252
2015-11-10,3941.97485518
2015-11-11,3915.30818851
2015-11-12,3888.64152185
2015-11-13,3855.30818851
2015-11-14,3805.30818851
2015-11-15,3751.97485518
2015-11-16,3695.30818851
2015-11-17,3633.64152185
2015-11-18,3566.97485518
2015-11-19,3520.30818851
2015-11-20,3446.97485518
2015-11-21,3380.30818851
2015-11-22,3323.64152185
2015-11-23,3276.97485518
2015-11-24,3234.96505126
2015-11-25,3194.96505126
2015-11-26,3144.96505126
2015-11-27,3091.63171792
2015-11-28,3038.29838459
2015-11-29,2984.96505126
2015-11-30,2944.96505126
2015-12-01,2903.33333333
2015-12-02,2856.66666667
2015-12-03,2810.0
2015-12-04,2770.0
2015-12-05,2730.0
2015-12-06,2686.66666667
2015-12-07,2636.66666667
2015-12-08,2586.66666667
2015-12-09,2543.33333333
2015-12-10,2513.34455668
2015-12-11,2485.75757576
2015-12-12,2459.09090909
2015-12-13,2439.09090909
2015-12-14,2419.09090909
2015-12-15,2399.09090909
2015-12-16,2379.09090909
2015-12-17,2359.09090909
2015-12-18,2339.09090909
2015-12-19,2319.09090909
2015-12-20,2302.42424242
2015-12-21,2275.75757576
2015-12-22,2249.09090909
2015-12-23,2222.42424242
2015-12-24,2195.75757576
2015-12-25,2169.09090909
2015-12-26,2152.42424242
2015-12-27,2139.09090909
2015-12-28,2125.75757576
2015-12-29,2112.42424242
2015-12-30,2099.09090909
2015-12-31,2089.09090909
2016-01-01,2085.75757576
2016-01-02,2092.42424242
2016-01-03,2099.09090909
2016-01-04,2105.75757576
2016-01-05,2109.09090909
2016-01-06,2109.09090909
2016-01-07,2109.09090909
2016-01-08,2102.42424242
2016-01-09,2092.41301908
2016-01-10,2080.0
2016-01-11,2066.66666667
2016-01-12,2053.33333333
2016-01-13,2040.0
2016-01-14,2030.0
2016-01-15,2023.33333333
2016-01-16,2016.66666667
2016-01-17,2010.0
2016-01-18,2003.33333333
2016-01-19,2000.0
2016-01-20,1993.33333333
2016-01-21,1986.66666667
2016-01-22,1980.0
2016-01-23,1973.33333333
2016-01-24,1966.66666667
2016-01-25,1960.0
2016-01-26,1953.33333333
2016-01-27,1946.66666667
2016-01-28,1940.0
2016-01-29,1933.33333333
2016-01-30,1926.66666667
2016-01-31,1918.91025641
2016-02-01,1908.91025641
2016-02-02,1895.57692308
2016-02-03,1875.57692308
2016-02-04,1855.57692308
2016-02-05,1835.57692308
2016-02-06,1815.57692308
2016-02-07,1798.91025641
2016-02-08,1785.57692308
2016-02-09,1772.24358974
2016-02-10,1758.91025641
2016-02-11,1752.24358974
2016-02-12,1745.57692308
2016-02-13,1738.91025641
2016-02-14,1732.24358974
2016-02-15,1725.57692308
2016-02-16,1715.57692308
2016-02-17,1705.57692308
2016-02-18,1692.24358974
2016-02-19,1685.57692308
2016-02-20,1678.91025641
2016-02-21,1670.57692308
2016-02-22,1660.57692308
2016-02-23,1653.91025641
2016-02-24,1643.91025641
2016-02-25,1633.91025641
2016-02-26,1623.91025641
2016-02-27,1613.91025641
2016-02-28,1603.91025641
2016-02-29,1593.91025641
2016-03-01,1585.0
2016-03-02,1578.33333333
2016-03-03,1575.0
2016-03-04,1578.33333333
2016-03-05,1581.66666667
2016-03-06,1586.66666667
2016-03-07,1593.33333333
2016-03-08,1593.33333333
2016-03-09,1590.0
2016-03-10,1586.66666667
2016-03-11,1583.33333333
2016-03-12,1573.33333333
2016-03-13,1563.33333333
2016-03-14,1553.33333333
2016-03-15,1543.33333333
2016-03-16,1533.33333333
2016-03-17,1530.0
2016-03-18,1526.66666667
2016-03-19,1520.0
2016-03-20,1513.33333333
2016-03-21,1506.66666667
2016-03-22,1505.0
2016-03-23,1505.0
2016-03-24,1505.0
2016-03-25,1508.33333333
2016-03-26,1511.66666667
2016-03-27,1515.0
2016-03-28,1518.33333333
2016-03-29,1518.33333333
2016-03-30,1515.0
2016-03-31,1511.66666667
2016-04-01,1508.33333333
2016-04-02,1505.0
2016-04-03,1501.66666667
2016-04-04,1498.33333333
2016-04-05,1496.66666667
2016-04-06,1492.38095238
2016-04-07,1489.04761905
2016-04-08,1479.04761905
2016-04-09,1472.38095238
2016-04-10,1465.71428571
2016-04-11,1459.04761905
2016-04-12,1455.71428571
2016-04-13,1452.38095238
2016-04-14,1449.04761905
2016-04-15,1445.71428571
2016-04-16,1439.04761905
2016-04-17,1432.38095238
2016-04-18,1432.38095238
2016-04-19,1432.38095238
2016-04-20,1435.71428571
2016-04-21,1435.71428571
2016-04-22,1432.38095238
2016-04-23,1425.71428571
2016-04-24,1419.04761905
2016-04-25,1412.38095238
2016-04-26,1405.71428571
2016-04-27,1399.04761905
2016-04-28,1395.71428571
2016-04-29,1395.71428571
2016-04-30,1395.71428571
2016-05-01,1395.71428571
2016-05-02,1395.71428571
2016-05-03,1395.71428571
2016-05-04,1395.71428571
2016-05-05,1392.38095238
2016-05-06,1390.0
2016-05-07,1390.0
2016-05-08,1396.66666667
2016-05-09,1400.0
2016-05-10,1403.33333333
2016-05-11,1406.66666667
2016-05-12,1403.33333333
2016-05-13,1400.0
2016-05-14,1396.66666667
2016-05-15,1393.33333333
2016-05-16,1390.0
2016-05-17,1386.66666667
2016-05-18,1383.33333333
2016-05-19,1380.0
2016-05-20,1373.33333333
2016-05-21,1366.66666667
2016-05-22,1365.0
2016-05-23,1365.0
2016-05-24,1365.0
2016-05-25,1365.0
2016-05-26,1365.0
2016-05-27,1361.66666667
2016-05-28,1361.66666667
2016-05-29,1361.66666667
2016-05-30,1361.66666667
2016-05-31,1361.66666667
2016-06-01,1361.66666667
2016-06-02,1361.66666667
2016-06-03,1361.66666667
2016-06-04,1361.66666667
2016-06-05,1358.33333333
2016-06-06,1351.66666667
2016-06-07,1348.33333333
2016-06-08,1341.66666667
2016-06-09,1335.0
2016-06-10,1328.33333333
2016-06-11,1325.0
2016-06-12,1323.33333333
2016-06-13,1323.33333333
2016-06-14,1323.33333333
2016-06-15,1323.33333333
2016-06-16,1323.33333333
2016-06-17,1326.66666667
2016-06-18,1326.66666667
2016-06-19,1328.33333333
2016-06-20,1331.66666667
2016-06-21,1333.33333333
2016-06-22,1333.33333333
2016-06-23,1333.33333333
2016-06-24,1333.33333333
2016-06-25,1333.33333333
2016-06-26,1336.66666667
2016-06-27,1336.66666667
2016-06-28,1336.66666667
2016-06-29,1340.0
2016-06-30,1353.33333333
2016-07-01,1366.66666667
2016-07-02,1380.0
2016-07-03,1391.66666667
2016-07-04,1401.66666667
2016-07-05,1418.33333333
2016-07-06,1431.66666667
2016-07-07,1441.66666667
2016-07-08,1455.0
2016-07-09,1465.0
2016-07-10,1472.75641026
2016-07-11,1479.42307692
2016-07-12,1484.42307692
2016-07-13,1487.75641026
2016-07-14,1491.08974359
2016-07-15,1501.08974359
2016-07-16,1511.08974359
2016-07-17,1516.08974359
2016-07-18,1522.75641026
2016-07-19,1527.75641026
2016-07-20,1531.08974359
2016-07-21,1537.75641026
2016-07-22,1541.08974359
2016-07-23,1537.75641026
2016-07-24,1536.08974359
2016-07-25,1536.08974359
2016-07-26,1536.08974359
2016-07-27,1536.08974359
2016-07-28,1536.08974359
2016-07-29,1532.75641026
2016-07-30,1519.42307692
2016-07-31,1506.08974359
2016-08-01,1492.75641026
2016-08-02,1481.08974359
2016-08-03,1471.08974359
2016-08-04,1457.75641026
2016-08-05,1451.08974359
2016-08-06,1444.42307692
2016-08-07,1439.42307692
2016-08-08,1439.42307692
2016-08-09,1438.33333333
2016-08-10,1435.0
2016-08-11,1431.66666667
2016-08-12,1428.33333333
2016-08-13,1425.0
2016-08-14,1416.66666667
2016-08-15,1410.0
2016-08-16,1401.66666667
2016-08-17,1398.33333333
2016-08-18,1395.0
2016-08-19,1391.66666667
2016-08-20,1385.0
2016-08-21,1381.66666667
2016-08-22,1385.0
2016-08-23,1383.33333333
2016-08-24,1380.0
2016-08-25,1373.33333333
2016-08-26,1366.66666667
2016-08-27,1363.33333333
2016-08-28,1360.0
2016-08-29,1356.66666667
2016-08-30,1351.66666667
2016-08-31,1345.0
2016-09-01,1338.33333333
2016-09-02,1331.66666667
2016-09-03,1325.0
2016-09-04,1318.33333333
2016-09-05,1311.66666667
2016-09-06,1296.66666667
2016-09-07,1280.0
2016-09-08,1266.66666667
2016-09-09,1256.66666667
2016-09-10,1250.0
2016-09-11,1243.33333333
2016-09-12,1236.66666667
2016-09-13,1225.0
2016-09-14,1211.66666667
2016-09-15,1201.66666667
2016-09-16,1188.33333333
2016-09-17,1175.0
2016-09-18,1161.66666667
2016-09-19,1148.33333333
2016-09-20,1135.0
2016-09-21,1125.0
2016-09-22,1115.0
2016-09-23,1105.0
2016-09-24,1101.66666667
2016-09-25,1098.33333333
2016-09-26,1091.66666667
2016-09-27,1084.13580247
2016-09-28,1075.0
2016-09-29,1066.66666667
2016-09-30,1060.0
2016-10-01,1053.33333333
2016-10-02,1046.66666667
2016-10-03,1040.0
2016-10-04,1033.33333333
2016-10-05,1030.0
2016-10-06,1033.33333333
2016-10-07,1036.66666667
2016-10-08,1040.0
2016-10-09,1043.33333333
2016-10-10,1043.33333333
2016-10-11,1043.33333333
2016-10-12,1046.66666667
2016-10-13,1053.33333333
2016-10-14,1060.0
2016-10-15,1066.66666667
2016-10-16,1073.33333333
2016-10-17,1080.0
2016-10-18,1086.66666667
2016-10-19,1100.0
2016-10-20,1110.0
2016-10-21,1120.0
2016-10-22,1133.33333333
2016-10-23,1146.66666667
2016-10-24,1156.66666667
2016-10-25,1163.33333333
2016-10-26,1170.0
2016-10-27,1177.5308642
2016-10-28,1186.66666667
2016-10-29,1196.66666667
2016-10-30,1206.66666667
2016-10-31,1216.66666667
2016-11-01,1226.66666667
2016-11-02,1240.0
2016-11-03,1253.33333333
2016-11-04,1263.33333333
2016-11-05,1273.33333333
2016-11-06,1287.35507246
2016-11-07,1307.35507246
2016-11-08,1330.6884058
2016-11-09,1347.35507246
2016-11-10,1360.6884058
2016-11-11,1367.35507246
2016-11-12,1374.02173913
2016-11-13,1380.6884058
2016-11-14,1387.35507246
2016-11-15,1390.6884058
2016-11-16,1394.02173913
2016-11-17,1397.35507246
2016-11-18,1397.35507246
2016-11-19,1400.6884058
2016-11-20,1400.6884058
2016-11-21,1400.6884058
2016-11-22,1400.6884058
2016-11-23,1400.6884058
2016-11-24,1404.02173913
2016-11-25,1407.35507246
2016-11-26,1410.6884058
2016-11-27,1413.1575416
2016-11-28,1414.02173913
2016-11-29,1414.02173913
2016-11-30,1414.02173913
2016-12-01,1414.02173913
2016-12-02,1414.02173913
2016-12-03,1414.02173913
2016-12-04,1414.02173913
2016-12-05,1414.02173913
2016-12-06,1413.33333333
2016-12-07,1406.66666667
2016-12-08,1396.66666667
2016-12-09,1393.33333333
2016-12-10,1393.33333333
2016-12-11,1395.57692308
2016-12-12,1395.57692308
2016-12-13,1392.24358974
2016-12-14,1388.91025641
2016-12-15,1388.91025641
2016-12-16,1385.57692308
2016-12-17,1382.24358974
2016-12-18,1380.57692308
2016-12-19,1383.91025641
2016-12-20,1387.24358974
2016-12-21,1387.24358974
2016-12-22,1390.57692308
2016-12-23,1390.57692308
2016-12-24,1390.57692308
2016-12-25,1392.24358974
2016-12-26,1395.57692308
2016-12-27,1399.77445394
2016-12-28,1405.57692308
2016-12-29,1412.24358974
2016-12-30,1418.91025641
2016-12-31,1425.57692308
